Timestamp,Email Address,Name,State,License Type,Availability
,morgan.wilson@example.com,Morgan Wilson,NC,LMSW,"Fri AM, Fri PM, Wed AM, Sat AM, Tue PM"
,riley.clark@sample.org,Riley Clark,OH,LMHC,"Mon Eve, Fri AM"
,alex.wilson@example.com,Alex Wilson,CA,LCSW,"Mon AM, Tue PM, Fri PM"
,alex.moore@sample.org,Alex Moore,GA,LMSW,"Mon PM, Fri AM, Sat Eve, Wed PM, Sat AM"
,riley.kim@mail.net,Riley Kim,NC,LMHC,"Tue Eve, Fri PM, Tue AM, Mon PM"
,riley.brown@mail.net,Riley Brown,GA,LMSW,"Thu AM, Sat Eve"
,sam.lee@sample.org,Sam Lee,GA,LMHC,"Mon PM, Thu AM, Wed PM, Sat Eve"
,taylor.lee@sample.org,Taylor Lee,TX,LMFT,"Wed AM, Wed Eve"
,morgan.kim@example.com,Morgan Kim,NC,LMHC,"Mon Eve, Fri PM, Tue AM, Fri AM, Wed AM"
,morgan.moore@sample.org,Morgan Moore,CA,LCSW,"Thu Eve, Fri PM, Sat PM, Mon AM"
,riley.kim@example.com,Riley Kim,CA,LPCC,"Fri Eve, Tue Eve, Tue PM, Mon AM"
,alex.davis@example.com,Alex Davis,CA,LCSW,"Sat PM, Tue Eve, Tue PM, Sat Eve"
,morgan.patel@mail.net,Morgan Patel,VA,LCSW,"Fri AM, Sat AM"
,taylor.nguyen@example.com,Taylor Nguyen,NC,LMHC,"Mon PM, Fri AM, Mon Eve, Fri Eve"
,jordan.wilson@example.com,Jordan Wilson,NC,LMHC,"Fri AM, Thu Eve, Tue AM"
,avery.garcia@sample.org,Avery Garcia,OH,LMHC,"Sat AM, Fri AM, Tue AM"
,sam.patel@sample.org,Sam Patel,CA,LPC,"Fri Eve, Sat PM"
,jamie.moore@example.com,Jamie Moore,NC,LMSW,"Mon Eve, Thu PM, Sat Eve"
,jordan.hernandez@mail.net,Jordan Hernandez,FL,LMHC,"Wed Eve, Sat PM, Sat AM"
,taylor.wilson@sample.org,Taylor Wilson,OH,LPCC,"Thu PM, Thu Eve, Mon PM"
,morgan.nguyen@mail.net,Morgan Nguyen,OH,LMSW,"Mon AM, Mon PM, Wed PM, Mon Eve"
,morgan.wilson@mail.net,Morgan Wilson,CA,LMHC,"Mon PM, Tue PM, Sat AM, Tue AM"
,cameron.moore@example.com,Cameron Moore,NC,LCSW,"Thu Eve, Thu AM"
,drew.patel@mail.net,Drew Patel,FL,LMHC,"Mon AM, Mon PM, Thu Eve, Thu AM"
,drew.wilson@sample.org,Drew Wilson,OH,LPCC,"Wed PM, Tue Eve, Mon AM, Sat AM, Fri Eve"
,riley.davis@example.com,Riley Davis,TX,LMHC,"Sat Eve, Wed AM"
,jordan.davis@mail.net,Jordan Davis,OH,LMSW,"Thu Eve, Thu PM"
,morgan.wilson@example.com,Morgan Wilson,VA,LPC,"Wed PM, Sat PM, Wed AM, Tue PM, Fri Eve"
,jordan.patel@sample.org,Jordan Patel,FL,LMHC,"Wed AM, Tue AM, Sat PM, Tue PM"
,jordan.nguyen@mail.net,Jordan Nguyen,CA,LCSW,"Fri PM, Sat Eve, Wed PM"
,drew.clark@mail.net,Drew Clark,OH,LMFT,"Tue AM, Fri Eve, Fri PM"
,riley.brown@example.com,Riley Brown,NC,LPC,"Tue Eve, Wed AM, Thu Eve"
,riley.clark@sample.org,Riley Clark,GA,LMSW,"Fri AM, Sat PM, Tue AM"
,quinn.wilson@sample.org,Quinn Wilson,NC,LPC,"Fri AM, Sat Eve, Mon PM, Mon AM"
,riley.davis@example.com,Riley Davis,CA,LMHC,"Tue Eve, Tue PM, Mon Eve"
,taylor.moore@sample.org,Taylor Moore,TX,LMHC,"Fri PM, Mon Eve, Thu Eve, Sat PM, Tue PM"
,riley.lee@example.com,Riley Lee,OH,LPC,"Sat PM, Thu Eve, Mon AM"
,taylor.patel@sample.org,Taylor Patel,TX,LMFT,"Fri AM, Tue Eve, Mon Eve"
,jordan.davis@mail.net,Jordan Davis,NC,LMFT,"Fri Eve, Sat AM, Thu AM, Fri PM"
,drew.moore@example.com,Drew Moore,NC,LPCC,"Thu PM, Tue AM"
,sam.moore@sample.org,Sam Moore,TX,LMHC,"Thu AM, Fri PM, Thu PM"
,jamie.nguyen@mail.net,Jamie Nguyen,TX,LMFT,"Tue AM, Thu PM, Wed AM, Tue Eve, Thu Eve"
,sam.lee@example.com,Sam Lee,GA,LMHC,"Sat PM, Fri AM"
,cameron.patel@mail.net,Cameron Patel,OH,LMSW,"Wed AM, Mon PM"
,drew.moore@sample.org,Drew Moore,VA,LCSW,"Mon PM, Fri PM, Tue AM"
,drew.lee@sample.org,Drew Lee,VA,LPC,"Thu AM, Tue Eve, Fri PM, Mon AM"
,alex.kim@sample.org,Alex Kim,OH,LMSW,"Fri Eve, Mon Eve, Mon AM, Thu PM, Wed AM"
,taylor.patel@mail.net,Taylor Patel,NC,LMHC,"Mon AM, Tue AM"
,casey.moore@example.com,Casey Moore,CA,LMHC,"Fri Eve, Wed Eve, Thu PM, Tue PM, Sat Eve"
