Timestamp,Email Address,Name,State,Who can you supervise?,Availability,Capacity
,casey.patel@sample.org,Casey Patel,NC,LPCC,"Thu Eve, Mon PM, Wed AM",1
,sam.chen@sample.org,Sam Chen,SC,LCSW,"Mon PM, Tue AM, Wed PM, Thu PM, Fri Eve, Thu AM",1
,cameron.wilson@sample.org,Cameron Wilson,NC,LCSW,"Thu AM, Fri PM, Tue PM, Wed Eve",1
,cameron.nguyen@mail.net,Cameron Nguyen,VA,LPCC,"Thu Eve, Tue AM, Mon Eve, Thu AM",1
,cameron.garcia@sample.org,Cameron Garcia,PA,"LPC, LMHC","Thu Eve, Thu AM, Wed PM, Fri AM, Mon Eve, Sat Eve",2
,sam.wilson@sample.org,Sam Wilson,PA,"LPC, LMHC","Mon Eve, Tue AM, Fri PM, Sat Eve, Fri AM",3
,jordan.brown@sample.org,Jordan Brown,NC,"LCSW, LPCC, LPC","Thu Eve, Sat AM, Fri Eve, Mon PM, Fri PM",1
,morgan.brown@mail.net,Morgan Brown,SC,LMSW,"Fri Eve, Thu AM, Fri AM, Sat Eve, Thu PM",3
,alex.brown@sample.org,Alex Brown,VA,"LCSW, LMHC, LMSW","Thu AM, Tue PM, Wed PM, Wed AM",4
,avery.kim@example.com,Avery Kim,NY,"LPCC, LPC","Fri PM, Wed Eve, Sat Eve, Tue Eve",4
,taylor.patel@example.com,Taylor Patel,VA,LMFT,"Mon AM, Sat AM, Tue Eve, Tue PM",3
,alex.patel@sample.org,Alex Patel,PA,"LPCC, LMSW","Tue PM, Sat PM, Mon PM, Wed PM, Fri PM",4
,riley.chen@sample.org,Riley Chen,SC,"LMSW, LMHC","Wed AM, Mon Eve, Sat Eve",4
,jordan.kim@sample.org,Jordan Kim,OH,LCSW,"Tue PM, Tue AM, Thu Eve",1
,sam.garcia@mail.net,Sam Garcia,CA,LMSW,"Thu Eve, Sat Eve, Sat AM, Mon PM, Fri Eve",4
,avery.brown@sample.org,Avery Brown,FL,LMFT,"Thu PM, Wed Eve, Sat AM",2
,jamie.lee@example.com,Jamie Lee,PA,"LMFT, LPCC","Sat PM, Thu AM, Mon Eve",3
,jamie.hernandez@example.com,Jamie Hernandez,TX,LPCC,"Wed PM, Wed AM, Sat Eve, Fri PM, Sat PM",2
,taylor.davis@sample.org,Taylor Davis,TX,"LCSW, LMSW, LPC","Wed Eve, Wed AM, Thu Eve, Wed PM, Fri AM, Sat AM",3
,casey.kim@example.com,Casey Kim,SC,LMHC,"Thu PM, Wed AM, Sat AM, Thu AM",1
,avery.moore@sample.org,Avery Moore,SC,"LCSW, LMHC, LMFT","Tue Eve, Fri PM, Thu PM, Mon PM, Fri AM, Thu Eve",4
,avery.chen@mail.net,Avery Chen,SC,"LMFT, LMSW, LPCC","Tue PM, Fri Eve, Sat Eve",4
,drew.hernandez@example.com,Drew Hernandez,PA,"LMFT, LCSW, LPCC","Sat PM, Tue PM, Fri PM",2
,taylor.lee@sample.org,Taylor Lee,GA,"LPCC, LMFT","Wed Eve, Fri PM, Tue PM, Mon AM, Thu Eve",3
,avery.moore@mail.net,Avery Moore,PA,"LPCC, LMFT","Sat PM, Sat Eve, Mon AM, Fri PM",4
,jordan.wilson@example.com,Jordan Wilson,VA,LMFT,"Tue AM, Mon PM, Thu PM, Sat AM, Wed Eve, Fri PM",4
,sam.davis@example.com,Sam Davis,GA,LPC,"Tue AM, Sat PM, Fri Eve",1
,sam.brown@sample.org,Sam Brown,OH,"LPCC, LMSW, LMFT","Fri Eve, Sat PM, Sat AM, Wed Eve, Tue AM",3
,jamie.garcia@sample.org,Jamie Garcia,VA,"LCSW, LMHC","Thu PM, Mon Eve, Wed PM, Wed AM, Mon PM, Tue AM",3
,sam.patel@mail.net,Sam Patel,TX,LPC,"Fri Eve, Wed PM, Tue AM, Wed AM",4
,jordan.moore@example.com,Jordan Moore,VA,"LMHC, LPCC, LMSW","Fri PM, Wed AM, Thu Eve, Tue Eve, Mon PM",3
,alex.hernandez@mail.net,Alex Hernandez,NY,"LMSW, LCSW","Thu PM, Sat PM, Thu AM, Wed Eve, Mon PM, Fri PM",2
,sam.kim@sample.org,Sam Kim,FL,LMFT,"Tue PM, Fri PM, Wed Eve, Wed AM, Mon Eve",4
,quinn.hernandez@example.com,Quinn Hernandez,FL,LMSW,"Fri PM, Mon Eve, Wed Eve, Mon AM",1
,morgan.kim@mail.net,Morgan Kim,GA,LPC,"Fri Eve, Mon AM, Thu PM",4
,morgan.wilson@example.com,Morgan Wilson,NC,"LMSW, LMFT, LCSW","Wed Eve, Mon PM, Tue Eve, Tue AM",3
,drew.nguyen@mail.net,Drew Nguyen,GA,"LMHC, LPCC","Wed Eve, Thu Eve, Mon AM, Tue PM",1
,alex.lee@mail.net,Alex Lee,PA,"LMFT, LPCC, LMHC","Fri Eve, Tue AM, Fri PM, Thu PM",4
,jamie.chen@mail.net,Jamie Chen,FL,"LMFT, LMSW, LPC","Tue PM, Fri AM, Thu Eve, Mon AM",2
,alex.kim@mail.net,Alex Kim,FL,"LMFT, LCSW","Fri AM, Sat PM, Thu AM",2
,quinn.nguyen@example.com,Quinn Nguyen,NY,LMFT,"Fri Eve, Mon AM, Wed Eve, Tue Eve, Sat Eve",3
,taylor.lee@sample.org,Taylor Lee,GA,"LMFT, LCSW","Fri AM, Mon Eve, Sat AM, Tue PM, Wed Eve",2
,taylor.davis@example.com,Taylor Davis,SC,"LCSW, LMFT","Mon PM, Fri AM, Mon AM, Tue PM, Fri Eve, Thu PM",2
,sam.wilson@mail.net,Sam Wilson,VA,"LMSW, LPCC, LMHC","Sat AM, Tue PM, Thu AM, Thu Eve, Sat Eve",2
,alex.clark@mail.net,Alex Clark,CA,"LMSW, LPCC, LMFT","Wed PM, Mon Eve, Mon AM",1
,jordan.moore@sample.org,Jordan Moore,SC,"LMHC, LPCC","Mon AM, Wed PM, Sat AM",3
,alex.brown@example.com,Alex Brown,PA,"LCSW, LPCC, LMSW","Wed Eve, Mon Eve, Sat Eve, Tue AM, Thu Eve, Fri AM",2
,taylor.clark@mail.net,Taylor Clark,NY,"LMHC, LCSW","Thu AM, Mon PM, Wed AM, Sat PM, Sat Eve, Mon Eve",3
,morgan.moore@mail.net,Morgan Moore,FL,"LPCC, LMFT, LCSW","Mon PM, Sat AM, Wed Eve, Thu PM, Sat Eve, Thu Eve",2
,drew.brown@sample.org,Drew Brown,PA,"LMHC, LMSW","Tue AM, Wed AM, Thu AM, Mon PM, Wed PM, Mon AM",3
,avery.kim@mail.net,Avery Kim,NY,"LMHC, LMFT","Mon Eve, Sat Eve, Tue PM, Thu Eve",3
,casey.patel@mail.net,Casey Patel,PA,"LCSW, LPC","Sat AM, Sat Eve, Fri AM, Mon AM",2
,alex.brown@mail.net,Alex Brown,NY,"LPC, LMFT","Thu Eve, Fri AM, Thu PM, Mon PM, Fri PM, Tue Eve",1
,casey.hernandez@sample.org,Casey Hernandez,SC,LMSW,"Thu AM, Wed Eve, Thu Eve",1
,riley.chen@mail.net,Riley Chen,SC,"LMHC, LPC","Wed Eve, Tue AM, Mon PM",3
,drew.patel@example.com,Drew Patel,FL,"LPCC, LPC","Thu Eve, Fri PM, Mon AM, Fri AM",4
,jamie.davis@example.com,Jamie Davis,SC,LMSW,"Fri Eve, Tue PM, Thu AM, Wed PM, Mon AM, Wed Eve",2
,jordan.brown@sample.org,Jordan Brown,TX,"LPC, LMSW","Fri AM, Wed PM, Thu AM, Sat PM, Wed Eve",4
,sam.patel@mail.net,Sam Patel,VA,LMFT,"Sat Eve, Wed PM, Fri Eve, Sat AM, Tue Eve, Fri AM",4
,riley.patel@mail.net,Riley Patel,GA,LCSW,"Thu PM, Mon Eve, Sat Eve, Tue AM",3
