assoc_idx,sup_idx,Associate,Associate Email,Associate State,Associate License,Associate Availability,Supervisor,Supervisor Email,Supervisor State,Who can you supervise?,Supervisor Availability,Capacity,AvailabilityOverlap,AvailabilityScore,match_score,final_score
116,22,Avery Moore,avery.moore@example.com,PA,LCSW,"Fri PM, Wed PM, Tue PM, Sat PM",Drew Hernandez,drew.hernandez@example.com,PA,"LMFT, LCSW, LPCC","Sat PM, Tue PM, Fri PM",2,3,0.7655250937772068,0.999999893420574,0.8827624935988905
83,55,Cameron Davis,cameron.davis@sample.org,FL,LPCC,"Fri PM, Mon AM",Drew Patel,drew.patel@example.com,FL,"LPCC, LPC","Thu Eve, Fri PM, Mon AM, Fri AM",4,2,0.6044652132391424,0.9999963602649643,0.8022307867520533
123,6,Riley Nguyen,riley.nguyen@mail.net,NC,LPC,"Thu Eve, Sat AM, Fri AM, Tue Eve",Jordan Brown,jordan.brown@sample.org,NC,"LCSW, LPCC, LPC","Thu Eve, Sat AM, Fri Eve, Mon PM, Fri PM",1,2,0.5810823056407179,0.9999959847217731,0.7905391451812456
30,55,Taylor Garcia,taylor.garcia@example.com,FL,LPCC,"Thu PM, Mon Eve, Fri AM",Drew Patel,drew.patel@example.com,FL,"LPCC, LPC","Thu Eve, Fri PM, Mon AM, Fri AM",4,1,0.5528591707019098,0.9999824748150273,0.7764208227584686
29,29,Morgan Wilson,morgan.wilson@sample.org,TX,LPC,"Wed AM, Fri Eve, Wed PM, Mon Eve",Sam Patel,sam.patel@mail.net,TX,LPC,"Fri Eve, Wed PM, Tue AM, Wed AM",4,3,0.535687496341097,0.9999946918569753,0.7678410940990361
132,28,Cameron Wilson,cameron.wilson@mail.net,VA,LMHC,"Sat Eve, Tue AM, Mon Eve, Thu PM, Wed PM",Jamie Garcia,jamie.garcia@sample.org,VA,"LCSW, LMHC","Thu PM, Mon Eve, Wed PM, Wed AM, Mon PM, Tue AM",3,4,0.5354215751170857,0.9999976746395697,0.7677096248783277
92,46,Jamie Patel,jamie.patel@sample.org,PA,LMSW,"Tue Eve, Fri Eve, Sat PM, Thu Eve",Alex Brown,alex.brown@example.com,PA,"LCSW, LPCC, LMSW","Wed Eve, Mon Eve, Sat Eve, Tue AM, Thu Eve, Fri AM",2,1,0.5272399045338002,0.9999779899286009,0.7636089472312005
94,10,Quinn Wilson,quinn.wilson@example.com,VA,LMFT,"Sat PM, Thu Eve, Tue Eve, Tue AM",Taylor Patel,taylor.patel@example.com,VA,LMFT,"Mon AM, Sat AM, Tue Eve, Tue PM",3,1,0.5210834416535928,0.9999733008039012,0.760528371228747
4,59,Jamie Brown,jamie.brown@sample.org,GA,LCSW,"Tue PM, Sat Eve, Tue AM",Riley Patel,riley.patel@mail.net,GA,LCSW,"Thu PM, Mon Eve, Sat Eve, Tue AM",3,2,0.5073040147215958,0.9999840169867944,0.753644015854195
72,57,Drew Lee,drew.lee@example.com,TX,LMSW,"Mon PM, Wed Eve, Fri PM, Thu PM",Jordan Brown,jordan.brown@sample.org,TX,"LPC, LMSW","Fri AM, Wed PM, Thu AM, Sat PM, Wed Eve",4,1,0.5038459176398006,0.9999612485771139,0.7519035831084573
9,44,Jamie Garcia,jamie.garcia@example.com,CA,LMSW,"Mon PM, Mon AM, Wed AM, Wed PM",Alex Clark,alex.clark@mail.net,CA,"LMSW, LPCC, LMFT","Wed PM, Mon Eve, Mon AM",1,2,0.4986118773549524,0.9999847384904657,0.749298307922709
109,8,Avery Nguyen,avery.nguyen@mail.net,VA,LMHC,"Wed PM, Wed Eve, Fri AM, Thu PM",Alex Brown,alex.brown@sample.org,VA,"LCSW, LMHC, LMSW","Thu AM, Tue PM, Wed PM, Wed AM",4,1,0.4971251478870322,0.9999567941574362,0.7485409710222342
134,28,Sam Garcia,sam.garcia@example.com,VA,LMHC,"Wed Eve, Wed PM",Jamie Garcia,jamie.garcia@sample.org,VA,"LCSW, LMHC","Thu PM, Mon Eve, Wed PM, Wed AM, Mon PM, Tue AM",3,1,0.49499402986346697,0.9999592677409097,0.7474766488021883
48,11,Riley Wilson,riley.wilson@sample.org,PA,LMSW,"Fri PM, Thu AM, Wed PM, Wed AM",Alex Patel,alex.patel@sample.org,PA,"LPCC, LMSW","Tue PM, Sat PM, Mon PM, Wed PM, Fri PM",4,2,0.4881896764148127,0.9999760863073239,0.7440828813610683
33,27,Alex Garcia,alex.garcia@mail.net,OH,LMFT,"Thu Eve, Sat PM",Sam Brown,sam.brown@sample.org,OH,"LPCC, LMSW, LMFT","Fri Eve, Sat PM, Sat AM, Wed Eve, Tue AM",3,1,0.4878355458797451,0.999954262665663,0.7438949042727041
27,59,Morgan Wilson,morgan.wilson@example.com,GA,LCSW,"Sat AM, Fri Eve, Tue Eve, Tue AM, Mon Eve",Riley Patel,riley.patel@mail.net,GA,LCSW,"Thu PM, Mon Eve, Sat Eve, Tue AM",3,2,0.4860193529664552,0.9999774411037173,0.7429983970350863
8,57,Morgan Brown,morgan.brown@sample.org,TX,LMSW,"Sat AM, Sat PM, Wed PM",Jordan Brown,jordan.brown@sample.org,TX,"LPC, LMSW","Fri AM, Wed PM, Thu AM, Sat PM, Wed Eve",4,2,0.47801801290123064,0.9999718053743459,0.7389949091377883
68,25,Jamie Lee,jamie.lee@sample.org,VA,LMFT,"Mon PM, Tue AM, Mon AM",Jordan Wilson,jordan.wilson@example.com,VA,LMFT,"Tue AM, Mon PM, Thu PM, Sat AM, Wed Eve, Fri PM",4,2,0.47698101781478613,0.9999713280186807,0.7384761729167334
125,42,Morgan Patel,morgan.patel@mail.net,SC,LCSW,"Sat Eve, Fri AM, Mon PM, Wed AM, Tue PM",Taylor Davis,taylor.davis@example.com,SC,"LCSW, LMFT","Mon PM, Fri AM, Mon AM, Tue PM, Fri Eve, Thu PM",2,3,0.4586205769904153,0.9999846661688573,0.7293026215796363
11,57,Avery Lee,avery.lee@mail.net,TX,LMSW,"Thu Eve, Fri AM, Wed AM, Mon AM, Sat PM",Jordan Brown,jordan.brown@sample.org,TX,"LPC, LMSW","Fri AM, Wed PM, Thu AM, Sat PM, Wed Eve",4,2,0.45702355863544586,0.9999603920065607,0.7284919753210033
135,28,Avery Clark,avery.clark@mail.net,VA,LCSW,"Tue PM, Mon Eve, Thu AM, Thu PM",Jamie Garcia,jamie.garcia@sample.org,VA,"LCSW, LMHC","Thu PM, Mon Eve, Wed PM, Wed AM, Mon PM, Tue AM",3,2,0.4558963680222835,0.9999632616230153,0.7279298148226494
85,32,Quinn Kim,quinn.kim@mail.net,FL,LMFT,"Mon AM, Sat PM, Wed AM, Tue PM, Fri AM",Sam Kim,sam.kim@sample.org,FL,LMFT,"Tue PM, Fri PM, Wed Eve, Wed AM, Mon Eve",4,2,0.4502813608331173,0.9999558238069315,0.7251185923200244
115,48,Drew Davis,drew.davis@mail.net,FL,LMFT,"Wed AM, Sat PM, Mon Eve, Thu Eve, Fri PM",Morgan Moore,morgan.moore@mail.net,FL,"LPCC, LMFT, LCSW","Mon PM, Sat AM, Wed Eve, Thu PM, Sat Eve, Thu Eve",2,1,0.4401119538656555,0.9999097956037547,0.7200108747347052
136,31,Jamie Clark,jamie.clark@sample.org,NY,LMSW,"Mon PM, Sat Eve, Mon AM, Sat AM",Alex Hernandez,alex.hernandez@mail.net,NY,"LMSW, LCSW","Thu PM, Sat PM, Thu AM, Wed Eve, Mon PM, Fri PM",2,1,0.4356805724019006,0.9999030866001595,0.71779182950103
113,56,Drew Lee,drew.lee@example.com,SC,LMSW,"Wed Eve, Tue AM, Tue PM, Fri PM",Jamie Davis,jamie.davis@example.com,SC,LMSW,"Fri Eve, Tue PM, Thu AM, Wed PM, Mon AM, Wed Eve",2,2,0.4298163298794678,0.9999489607427585,0.7148826453111131
108,11,Drew Garcia,drew.garcia@sample.org,PA,LMSW,"Tue PM, Thu Eve, Fri PM",Alex Patel,alex.patel@sample.org,PA,"LPCC, LMSW","Tue PM, Sat PM, Mon PM, Wed PM, Fri PM",4,2,0.42607757082692943,0.9999346317536547,0.7130061012902921
117,47,Avery Davis,avery.davis@example.com,NY,LMHC,"Sat AM, Wed PM, Sat Eve",Taylor Clark,taylor.clark@mail.net,NY,"LMHC, LCSW","Thu AM, Mon PM, Wed AM, Sat PM, Sat Eve, Mon Eve",3,1,0.39882003560800305,0.9998067520340593,0.6993133938210312
75,49,Taylor Chen,taylor.chen@mail.net,PA,LMHC,"Sat PM, Mon AM, Sat Eve, Wed AM, Thu Eve",Drew Brown,drew.brown@sample.org,PA,"LMHC, LMSW","Tue AM, Wed AM, Thu AM, Mon PM, Wed PM, Mon AM",3,2,0.3866266897797235,0.9998872404690282,0.6932569651243758
13,45,Taylor Nguyen,taylor.nguyen@sample.org,SC,LPCC,"Tue Eve, Wed PM, Sat AM, Wed AM, Thu PM",Jordan Moore,jordan.moore@sample.org,SC,"LMHC, LPCC","Mon AM, Wed PM, Sat AM",3,2,0.37979727835132904,0.9998740586908166,0.6898356685210728
97,2,Taylor Chen,taylor.chen@sample.org,NC,LCSW,"Fri PM, Wed PM, Thu AM, Sat PM, Mon AM",Cameron Wilson,cameron.wilson@sample.org,NC,LCSW,"Thu AM, Fri PM, Tue PM, Wed Eve",1,2,0.37782106065021576,0.9998921321760115,0.6888565964131136
1,48,Casey Lee,casey.lee@sample.org,FL,LPCC,"Tue PM, Sat PM, Wed AM, Mon PM",Morgan Moore,morgan.moore@mail.net,FL,"LPCC, LMFT, LCSW","Mon PM, Sat AM, Wed Eve, Thu PM, Sat Eve, Thu Eve",2,1,0.37330462352571125,0.9997339864416261,0.6865193049836686
31,24,Morgan Garcia,morgan.garcia@mail.net,PA,LMFT,"Fri Eve, Mon PM",Avery Moore,avery.moore@mail.net,PA,"LPCC, LMFT","Sat PM, Sat Eve, Mon AM, Fri PM",4,0,0.3685841580892943,0.9992775454748519,0.6839308517820731
90,11,Morgan Nguyen,morgan.nguyen@sample.org,PA,LPCC,"Fri AM, Wed PM, Fri Eve",Alex Patel,alex.patel@sample.org,PA,"LPCC, LMSW","Tue PM, Sat PM, Mon PM, Wed PM, Fri PM",4,1,0.3668063311078647,0.9996437648152184,0.6832250479615416
47,59,Jordan Garcia,jordan.garcia@mail.net,GA,LCSW,"Thu PM, Tue AM",Riley Patel,riley.patel@mail.net,GA,LCSW,"Thu PM, Mon Eve, Sat Eve, Tue AM",3,2,0.36534837600920206,0.9998408705618345,0.6825946232855182
65,35,Avery Patel,avery.patel@example.com,NC,LMFT,"Fri Eve, Tue AM, Mon Eve",Morgan Wilson,morgan.wilson@example.com,NC,"LMSW, LMFT, LCSW","Wed Eve, Mon PM, Tue Eve, Tue AM",3,1,0.3648542787474099,0.9996651256026707,0.6822597021750403
80,1,Taylor Garcia,taylor.garcia@example.com,SC,LCSW,"Mon Eve, Thu AM",Sam Chen,sam.chen@sample.org,SC,LCSW,"Mon PM, Tue AM, Wed PM, Thu PM, Fri Eve, Thu AM",1,1,0.3606729935155166,0.9997027519745415,0.680187872745029
38,46,Drew Davis,drew.davis@example.com,PA,LCSW,"Fri AM, Wed Eve, Fri PM",Alex Brown,alex.brown@example.com,PA,"LCSW, LPCC, LMSW","Wed Eve, Mon Eve, Sat Eve, Tue AM, Thu Eve, Fri AM",2,2,0.3546521099217309,0.9998276683073233,0.677239889114527
2,14,Morgan Garcia,morgan.garcia@sample.org,CA,LMSW,"Fri PM, Thu AM, Mon AM, Mon Eve, Sat AM",Sam Garcia,sam.garcia@mail.net,CA,LMSW,"Thu Eve, Sat Eve, Sat AM, Mon PM, Fri Eve",4,1,0.3515372508114976,0.9995439030093227,0.6755405769104101
6,32,Taylor Wilson,taylor.wilson@example.com,FL,LMFT,"Sat PM, Fri PM, Tue AM, Mon PM",Sam Kim,sam.kim@sample.org,FL,LMFT,"Tue PM, Fri PM, Wed Eve, Wed AM, Mon Eve",4,1,0.34477075974807886,0.9994911233534076,0.6721309415507433
16,11,Casey Garcia,casey.garcia@example.com,PA,LMSW,"Mon PM, Thu AM, Fri AM, Fri PM, Tue Eve",Alex Patel,alex.patel@sample.org,PA,"LPCC, LMSW","Tue PM, Sat PM, Mon PM, Wed PM, Fri PM",4,2,0.34119378607801054,0.9997416912267963,0.6704677386524034
73,41,Jamie Nguyen,jamie.nguyen@sample.org,GA,LCSW,"Tue Eve, Wed Eve",Taylor Lee,taylor.lee@sample.org,GA,"LMFT, LCSW","Fri AM, Mon Eve, Sat AM, Tue PM, Wed Eve",2,1,0.3355992695475992,0.9995103002079101,0.6675547848777547
78,35,Alex Lee,alex.lee@example.com,NC,LMSW,"Mon PM, Mon Eve",Morgan Wilson,morgan.wilson@example.com,NC,"LMSW, LMFT, LCSW","Wed Eve, Mon PM, Tue Eve, Tue AM",3,1,0.33461592070338086,0.9994537271547766,0.6670348239290788
58,35,Morgan Kim,morgan.kim@mail.net,NC,LMSW,"Fri Eve, Sat PM, Tue AM, Tue PM",Morgan Wilson,morgan.wilson@example.com,NC,"LMSW, LMFT, LCSW","Wed Eve, Mon PM, Tue Eve, Tue AM",3,1,0.3239954231937574,0.9993513019302436,0.6616733625620005
19,17,Quinn Brown,quinn.brown@example.com,TX,LPCC,"Wed AM, Thu PM, Thu Eve, Sat AM, Wed PM",Jamie Hernandez,jamie.hernandez@example.com,TX,LPCC,"Wed PM, Wed AM, Sat Eve, Fri PM, Sat PM",2,2,0.3234020795875278,0.9997142087628239,0.6615581441751759
86,31,Alex Lee,alex.lee@sample.org,NY,LCSW,"Tue Eve, Sat AM, Thu Eve, Fri PM, Wed Eve",Alex Hernandez,alex.hernandez@mail.net,NY,"LMSW, LCSW","Thu PM, Sat PM, Thu AM, Wed Eve, Mon PM, Fri PM",2,2,0.32103924351746815,0.9997030671592693,0.6603711553383687
57,43,Taylor Patel,taylor.patel@sample.org,VA,LMSW,"Thu PM, Fri AM, Tue Eve, Sat PM",Sam Wilson,sam.wilson@mail.net,VA,"LMSW, LPCC, LMHC","Sat AM, Tue PM, Thu AM, Thu Eve, Sat Eve",2,0,0.3199905907196629,0.9986846049835337,0.6593375978515983
15,43,Alex Clark,alex.clark@example.com,VA,LMHC,"Thu PM, Tue AM, Mon Eve, Fri Eve, Sat AM",Sam Wilson,sam.wilson@mail.net,VA,"LMSW, LPCC, LMHC","Sat AM, Tue PM, Thu AM, Thu Eve, Sat Eve",2,1,0.3168416568463626,0.9993366424408852,0.6580891496436239
7,27,Sam Nguyen,sam.nguyen@mail.net,OH,LMFT,"Wed Eve, Wed PM, Mon AM, Sat AM, Sat Eve",Sam Brown,sam.brown@sample.org,OH,"LPCC, LMSW, LMFT","Fri Eve, Sat PM, Sat AM, Wed Eve, Tue AM",3,2,0.3164437792548974,0.9996488138747024,0.6580462965648
76,36,Taylor Wilson,taylor.wilson@sample.org,GA,LMHC,"Tue Eve, Tue PM",Drew Nguyen,drew.nguyen@mail.net,GA,"LMHC, LPCC","Wed Eve, Thu Eve, Mon AM, Tue PM",1,1,0.31576544310834687,0.999385182509728,0.6575753128090374
110,30,Morgan Chen,morgan.chen@mail.net,VA,LMHC,"Wed Eve, Thu Eve",Jordan Moore,jordan.moore@example.com,VA,"LMHC, LPCC, LMSW","Fri PM, Wed AM, Thu Eve, Tue Eve, Mon PM",3,1,0.31096303404588505,0.9991990359417535,0.6550810349938193
54,30,Jordan Brown,jordan.brown@sample.org,VA,LMSW,"Mon Eve, Thu Eve, Wed Eve",Jordan Moore,jordan.moore@example.com,VA,"LMHC, LPCC, LMSW","Fri PM, Wed AM, Thu Eve, Tue Eve, Mon PM",3,1,0.31024202311159293,0.9991896386923151,0.6547158309019541
130,27,Casey Lee,casey.lee@sample.org,OH,LMSW,"Sat AM, Sat PM",Sam Brown,sam.brown@sample.org,OH,"LPCC, LMSW, LMFT","Fri Eve, Sat PM, Sat AM, Wed Eve, Tue AM",3,2,0.308449771004663,0.9996003077303854,0.6540250393675242
100,54,Casey Nguyen,casey.nguyen@mail.net,SC,LMHC,"Fri AM, Tue Eve, Wed Eve",Riley Chen,riley.chen@mail.net,SC,"LMHC, LPC","Wed Eve, Tue AM, Mon PM",3,1,0.30638111084296893,0.9991374112118439,0.6527592610274064
40,14,Casey Moore,casey.moore@example.com,CA,LMSW,"Wed AM, Mon AM, Fri PM, Fri Eve, Mon Eve",Sam Garcia,sam.garcia@mail.net,CA,LMSW,"Thu Eve, Sat Eve, Sat AM, Mon PM, Fri Eve",4,1,0.3040798209017748,0.9990170695038757,0.6515484452028253
77,21,Alex Lee,alex.lee@example.com,SC,LPCC,"Thu Eve, Tue PM, Mon AM",Avery Chen,avery.chen@mail.net,SC,"LMFT, LMSW, LPCC","Tue PM, Fri Eve, Sat Eve",4,1,0.3017391690802218,0.9989791439672594,0.6503591565237405
121,8,Jamie Brown,jamie.brown@sample.org,VA,LCSW,"Fri PM, Tue PM, Thu PM",Alex Brown,alex.brown@sample.org,VA,"LCSW, LMHC, LMSW","Thu AM, Tue PM, Wed PM, Wed AM",4,1,0.2839516096222876,0.9986389035464972,0.6412952565843923
82,57,Riley Nguyen,riley.nguyen@example.com,TX,LPC,"Mon PM, Thu Eve, Thu PM, Fri AM",Jordan Brown,jordan.brown@sample.org,TX,"LPC, LMSW","Fri AM, Wed PM, Thu AM, Sat PM, Wed Eve",4,1,0.278128091755684,0.9985045281657396,0.6383163099607119
103,16,Sam Wilson,sam.wilson@sample.org,PA,LMFT,"Sat PM, Mon AM, Thu Eve, Wed Eve, Tue Eve",Jamie Lee,jamie.lee@example.com,PA,"LMFT, LPCC","Sat PM, Thu AM, Mon Eve",3,1,0.2774494873599628,0.9986227546215606,0.6380361209907617
49,9,Riley Moore,riley.moore@sample.org,NY,LPCC,"Tue Eve, Mon AM, Sat PM, Thu AM, Wed PM",Avery Kim,avery.kim@example.com,NY,"LPCC, LPC","Fri PM, Wed Eve, Sat Eve, Tue Eve",4,1,0.268712187134377,0.9982586793063922,0.6334854332203846
119,14,Avery Hernandez,avery.hernandez@sample.org,CA,LMSW,"Tue Eve, Thu Eve",Sam Garcia,sam.garcia@mail.net,CA,LMSW,"Thu Eve, Sat Eve, Sat AM, Mon PM, Fri Eve",4,1,0.26843654286004187,0.9982509043580798,0.6333437236090609
34,38,Jordan Brown,jordan.brown@mail.net,FL,LMSW,"Tue AM, Thu Eve",Jamie Chen,jamie.chen@mail.net,FL,"LMFT, LMSW, LPC","Tue PM, Fri AM, Thu Eve, Mon AM",2,1,0.2650294233995728,0.9984664973829598,0.6317479603912663
81,7,Avery Kim,avery.kim@example.com,SC,LMSW,"Thu AM, Thu PM, Sat PM",Morgan Brown,morgan.brown@mail.net,SC,LMSW,"Fri Eve, Thu AM, Fri AM, Sat Eve, Thu PM",3,2,0.26165903595218687,0.9991478111543056,0.6304034235532463
23,50,Taylor Kim,taylor.kim@sample.org,NY,LMHC,"Fri PM, Sat AM, Tue PM, Fri Eve",Avery Kim,avery.kim@mail.net,NY,"LMHC, LMFT","Mon Eve, Sat Eve, Tue PM, Thu Eve",3,1,0.2586715212164619,0.9981343284132835,0.6284029248148727
18,37,Casey Chen,casey.chen@example.com,PA,LMFT,"Thu Eve, Thu AM, Fri PM, Mon PM, Mon AM",Alex Lee,alex.lee@mail.net,PA,"LMFT, LPCC, LMHC","Fri Eve, Tue AM, Fri PM, Thu PM",4,1,0.24944386232321636,0.9976226876020529,0.6235332749626346
64,22,Sam Davis,sam.davis@sample.org,PA,LMFT,"Thu AM, Tue PM, Wed AM, Tue Eve, Sat Eve",Drew Hernandez,drew.hernandez@example.com,PA,"LMFT, LCSW, LPCC","Sat PM, Tue PM, Fri PM",2,1,0.24362777008697417,0.9978328275182372,0.6207302988026057
89,14,Riley Clark,riley.clark@example.com,CA,LMSW,"Thu Eve, Wed AM",Sam Garcia,sam.garcia@mail.net,CA,LMSW,"Thu Eve, Sat Eve, Sat AM, Mon PM, Fri Eve",4,1,0.23913725696423882,0.9971921804883963,0.6181647187263175
12,21,Morgan Clark,morgan.clark@mail.net,SC,LMFT,"Wed AM, Thu AM, Sat Eve, Tue AM, Wed PM",Avery Chen,avery.chen@mail.net,SC,"LMFT, LMSW, LPCC","Tue PM, Fri Eve, Sat Eve",4,1,0.234371258297581,0.996967622529251,0.615669440413416
25,45,Avery Hernandez,avery.hernandez@mail.net,SC,LPCC,"Fri AM, Tue Eve, Wed PM",Jordan Moore,jordan.moore@sample.org,SC,"LMHC, LPCC","Mon AM, Wed PM, Sat AM",3,1,0.22376261614995308,0.9967214617696453,0.6102420389597991
71,47,Riley Chen,riley.chen@mail.net,NY,LCSW,"Tue Eve, Wed PM, Tue AM, Tue PM, Sat AM",Taylor Clark,taylor.clark@mail.net,NY,"LMHC, LCSW","Thu AM, Mon PM, Wed AM, Sat PM, Sat Eve, Mon Eve",3,0,0.2133081430454621,0.9919307818049796,0.6026194624252209
69,23,Cameron Davis,cameron.davis@mail.net,GA,LMFT,"Wed AM, Sat PM, Fri PM, Sat AM, Thu AM",Taylor Lee,taylor.lee@sample.org,GA,"LPCC, LMFT","Wed Eve, Fri PM, Tue PM, Mon AM, Thu Eve",3,1,0.20420572932025174,0.995505685411099,0.5998557073656754
59,18,Jamie Moore,jamie.moore@sample.org,TX,LPC,"Thu Eve, Tue PM, Sat Eve, Tue Eve, Fri AM",Taylor Davis,taylor.davis@sample.org,TX,"LCSW, LMSW, LPC","Wed Eve, Wed AM, Thu Eve, Wed PM, Fri AM, Sat AM",3,2,0.1968297364990013,0.9975695131194191,0.5971996248092102
106,17,Sam Chen,sam.chen@sample.org,TX,LPCC,"Tue AM, Wed PM, Thu AM, Thu Eve",Jamie Hernandez,jamie.hernandez@example.com,TX,LPCC,"Wed PM, Wed AM, Sat Eve, Fri PM, Sat PM",2,1,0.1982914930832233,0.9954954154700163,0.5968934542766198
137,13,Alex Moore,alex.moore@mail.net,OH,LCSW,"Thu AM, Sat Eve, Tue Eve, Fri PM, Fri Eve",Jordan Kim,jordan.kim@sample.org,OH,LCSW,"Tue PM, Tue AM, Thu Eve",1,0,0.18171865434513407,0.9888716663612289,0.5852951603531815
53,8,Alex Davis,alex.davis@sample.org,VA,LCSW,"Tue AM, Wed AM",Alex Brown,alex.brown@sample.org,VA,"LCSW, LMHC, LMSW","Thu AM, Tue PM, Wed PM, Wed AM",4,1,0.1772853189426121,0.9923935312132529,0.5848394250779325
74,8,Taylor Clark,taylor.clark@example.com,VA,LMSW,"Wed AM, Fri AM, Thu PM, Thu AM",Alex Brown,alex.brown@sample.org,VA,"LCSW, LMHC, LMSW","Thu AM, Tue PM, Wed PM, Wed AM",4,2,0.1683586344348458,0.9957762817378824,0.5820674580863641
138,18,Avery Wilson,avery.wilson@example.com,TX,LPC,"Sat AM, Tue Eve, Tue PM, Fri AM, Mon PM",Taylor Davis,taylor.davis@sample.org,TX,"LCSW, LMSW, LPC","Wed Eve, Wed AM, Thu Eve, Wed PM, Fri AM, Sat AM",3,2,0.1638327132061203,0.9958603322881958,0.5798465227471581
101,0,Riley Brown,riley.brown@sample.org,NC,LPCC,"Sat PM, Tue Eve, Thu PM, Fri AM, Mon AM",Casey Patel,casey.patel@sample.org,NC,LPCC,"Thu Eve, Mon PM, Wed AM",1,0,0.17039395002206761,0.9866620911745843,0.578528020598326
36,41,Alex Wilson,alex.wilson@mail.net,GA,LCSW,"Fri PM, Thu Eve, Tue Eve, Thu AM",Taylor Lee,taylor.lee@sample.org,GA,"LMFT, LCSW","Fri AM, Mon Eve, Sat AM, Tue PM, Wed Eve",2,0,0.166115424387416,0.9843418872566089,0.5752286558220124
10,54,Drew Moore,drew.moore@sample.org,SC,LPC,"Fri PM, Thu Eve, Wed PM",Riley Chen,riley.chen@mail.net,SC,"LMHC, LPC","Wed Eve, Tue AM, Mon PM",3,0,0.1506103917244498,0.9780434364937256,0.5643269141090876
17,20,Casey Brown,casey.brown@example.com,SC,LCSW,"Wed Eve, Mon Eve",Avery Moore,avery.moore@sample.org,SC,"LCSW, LMHC, LMFT","Tue Eve, Fri PM, Thu PM, Mon PM, Fri AM, Thu Eve",4,0,0.1344666917731002,0.9689811919067511,0.5517239418399257
87,38,Morgan Wilson,morgan.wilson@example.com,FL,LMFT,"Sat AM, Tue Eve, Tue AM",Jamie Chen,jamie.chen@mail.net,FL,"LMFT, LMSW, LPC","Tue PM, Fri AM, Thu Eve, Mon AM",2,0,0.12930755050846982,0.9719426385600811,0.5506250945342754
60,3,Sam Brown,sam.brown@example.com,VA,LPCC,"Thu AM, Sat PM",Cameron Nguyen,cameron.nguyen@mail.net,VA,LPCC,"Thu Eve, Tue AM, Mon Eve, Thu AM",1,1,0.11423965117696308,0.9841835849951024,0.5492116180860327
5,47,Quinn Clark,quinn.clark@mail.net,NY,LCSW,"Mon AM, Tue PM",Taylor Clark,taylor.clark@mail.net,NY,"LMHC, LCSW","Thu AM, Mon PM, Wed AM, Sat PM, Sat Eve, Mon Eve",3,0,0.1257781760681507,0.9675303709863037,0.5466542735272272
22,18,Alex Nguyen,alex.nguyen@mail.net,TX,LPC,"Mon AM, Mon Eve, Sat Eve, Fri PM",Taylor Davis,taylor.davis@sample.org,TX,"LCSW, LMSW, LPC","Wed Eve, Wed AM, Thu Eve, Wed PM, Fri AM, Sat AM",3,0,0.12017893067997998,0.9645584988266357,0.5423687147533078
24,33,Avery Patel,avery.patel@example.com,FL,LMSW,"Wed PM, Thu PM, Sat PM",Quinn Hernandez,quinn.hernandez@example.com,FL,LMSW,"Fri PM, Mon Eve, Wed Eve, Mon AM",1,0,0.1144479543586863,0.9676395601817757,0.541043757270231
21,21,Alex Nguyen,alex.nguyen@example.com,SC,LPCC,"Thu Eve, Wed Eve, Thu PM, Thu AM",Avery Chen,avery.chen@mail.net,SC,"LMFT, LMSW, LPCC","Tue PM, Fri Eve, Sat Eve",4,0,0.11978289936280434,0.9609812776668434,0.5403820885148238
88,51,Drew Kim,drew.kim@sample.org,PA,LCSW,"Thu Eve, Tue AM, Fri AM, Fri Eve",Casey Patel,casey.patel@mail.net,PA,"LCSW, LPC","Sat AM, Sat Eve, Fri AM, Mon AM",2,1,0.10175252854084971,0.9788580928469583,0.540305310693904
45,30,Quinn Wilson,quinn.wilson@mail.net,VA,LMSW,"Fri AM, Wed AM, Sat AM",Jordan Moore,jordan.moore@example.com,VA,"LMHC, LPCC, LMSW","Fri PM, Wed AM, Thu Eve, Tue Eve, Mon PM",3,1,0.08324247918333999,0.9689910823558895,0.5261167807696148
95,20,Casey Garcia,casey.garcia@sample.org,SC,LMFT,"Wed AM, Fri AM",Avery Moore,avery.moore@sample.org,SC,"LCSW, LMHC, LMFT","Tue Eve, Fri PM, Thu PM, Mon PM, Fri AM, Thu Eve",4,1,0.07977589056238787,0.9641669225596626,0.5219714065610253
79,49,Cameron Hernandez,cameron.hernandez@example.com,PA,LMSW,"Fri AM, Tue AM",Drew Brown,drew.brown@sample.org,PA,"LMHC, LMSW","Tue AM, Wed AM, Thu AM, Mon PM, Wed PM, Mon AM",3,1,0.04952994202760536,0.9476561516407369,0.49859304683417116
70,54,Jordan Davis,jordan.davis@sample.org,SC,LPC,"Sat AM, Mon AM",Riley Chen,riley.chen@mail.net,SC,"LMHC, LPC","Wed Eve, Tue AM, Mon PM",3,0,0.06907185294079728,0.9224662303525395,0.4957690416466684
