assoc_idx,sup_idx,Associate,Associate Email,Associate State,Associate License,Associate Availability,Supervisor,Supervisor Email,Supervisor State,Who can you supervise?,Supervisor Availability,Capacity,AvailabilityOverlap,AvailabilityScore,Label,Reason
0,35,Morgan Wilson,morgan.wilson@example.com,NC,LMSW,"Fri AM, Fri PM, Wed AM, Sat AM, Tue PM",Morgan Wilson,morgan.wilson@example.com,NC,"LMSW, LMFT, LCSW","Wed Eve, Mon PM, Tue Eve, Tue AM",3,0,0.13089422080417226,1,good_match
1,48,Casey Lee,casey.lee@sample.org,FL,LPCC,"Tue PM, Sat PM, Wed AM, Mon PM",Morgan Moore,morgan.moore@mail.net,FL,"LPCC, LMFT, LCSW","Mon PM, Sat AM, Wed Eve, Thu PM, Sat Eve, Thu Eve",2,1,0.37330462352571125,1,good_match
1,55,Casey Lee,casey.lee@sample.org,FL,LPCC,"Tue PM, Sat PM, Wed AM, Mon PM",Drew Patel,drew.patel@example.com,FL,"LPCC, LPC","Thu Eve, Fri PM, Mon AM, Fri AM",4,0,0.09655586864673066,1,good_match
2,14,Morgan Garcia,morgan.garcia@sample.org,CA,LMSW,"Fri PM, Thu AM, Mon AM, Mon Eve, Sat AM",Sam Garcia,sam.garcia@mail.net,CA,LMSW,"Thu Eve, Sat Eve, Sat AM, Mon PM, Fri Eve",4,1,0.3515372508114976,1,good_match
2,44,Morgan Garcia,morgan.garcia@sample.org,CA,LMSW,"Fri PM, Thu AM, Mon AM, Mon Eve, Sat AM",Alex Clark,alex.clark@mail.net,CA,"LMSW, LPCC, LMFT","Wed PM, Mon Eve, Mon AM",1,2,0.3115846172459469,1,good_match
4,41,Jamie Brown,jamie.brown@sample.org,GA,LCSW,"Tue PM, Sat Eve, Tue AM",Taylor Lee,taylor.lee@sample.org,GA,"LMFT, LCSW","Fri AM, Mon Eve, Sat AM, Tue PM, Wed Eve",2,1,0.2945917937219298,1,good_match
4,59,Jamie Brown,jamie.brown@sample.org,GA,LCSW,"Tue PM, Sat Eve, Tue AM",Riley Patel,riley.patel@mail.net,GA,LCSW,"Thu PM, Mon Eve, Sat Eve, Tue AM",3,2,0.5073040147215958,1,good_match
5,31,Quinn Clark,quinn.clark@mail.net,NY,LCSW,"Mon AM, Tue PM",Alex Hernandez,alex.hernandez@mail.net,NY,"LMSW, LCSW","Thu PM, Sat PM, Thu AM, Wed Eve, Mon PM, Fri PM",2,0,0.12934371903900752,1,good_match
5,47,Quinn Clark,quinn.clark@mail.net,NY,LCSW,"Mon AM, Tue PM",Taylor Clark,taylor.clark@mail.net,NY,"LMHC, LCSW","Thu AM, Mon PM, Wed AM, Sat PM, Sat Eve, Mon Eve",3,0,0.1257781760681507,1,good_match
6,15,Taylor Wilson,taylor.wilson@example.com,FL,LMFT,"Sat PM, Fri PM, Tue AM, Mon PM",Avery Brown,avery.brown@sample.org,FL,LMFT,"Thu PM, Wed Eve, Sat AM",2,0,0.12811021543933598,1,good_match
6,32,Taylor Wilson,taylor.wilson@example.com,FL,LMFT,"Sat PM, Fri PM, Tue AM, Mon PM",Sam Kim,sam.kim@sample.org,FL,LMFT,"Tue PM, Fri PM, Wed Eve, Wed AM, Mon Eve",4,1,0.34477075974807886,1,good_match
6,38,Taylor Wilson,taylor.wilson@example.com,FL,LMFT,"Sat PM, Fri PM, Tue AM, Mon PM",Jamie Chen,jamie.chen@mail.net,FL,"LMFT, LMSW, LPC","Tue PM, Fri AM, Thu Eve, Mon AM",2,0,0.2949307441541661,1,good_match
6,39,Taylor Wilson,taylor.wilson@example.com,FL,LMFT,"Sat PM, Fri PM, Tue AM, Mon PM",Alex Kim,alex.kim@mail.net,FL,"LMFT, LCSW","Fri AM, Sat PM, Thu AM",2,1,0.289347028880778,1,good_match
6,48,Taylor Wilson,taylor.wilson@example.com,FL,LMFT,"Sat PM, Fri PM, Tue AM, Mon PM",Morgan Moore,morgan.moore@mail.net,FL,"LPCC, LMFT, LCSW","Mon PM, Sat AM, Wed Eve, Thu PM, Sat Eve, Thu Eve",2,1,0.2129305305707354,1,good_match
7,27,Sam Nguyen,sam.nguyen@mail.net,OH,LMFT,"Wed Eve, Wed PM, Mon AM, Sat AM, Sat Eve",Sam Brown,sam.brown@sample.org,OH,"LPCC, LMSW, LMFT","Fri Eve, Sat PM, Sat AM, Wed Eve, Tue AM",3,2,0.3164437792548974,1,good_match
8,18,Morgan Brown,morgan.brown@sample.org,TX,LMSW,"Sat AM, Sat PM, Wed PM",Taylor Davis,taylor.davis@sample.org,TX,"LCSW, LMSW, LPC","Wed Eve, Wed AM, Thu Eve, Wed PM, Fri AM, Sat AM",3,2,0.25227432325391863,1,good_match
8,57,Morgan Brown,morgan.brown@sample.org,TX,LMSW,"Sat AM, Sat PM, Wed PM",Jordan Brown,jordan.brown@sample.org,TX,"LPC, LMSW","Fri AM, Wed PM, Thu AM, Sat PM, Wed Eve",4,2,0.47801801290123064,1,good_match
9,14,Jamie Garcia,jamie.garcia@example.com,CA,LMSW,"Mon PM, Mon AM, Wed AM, Wed PM",Sam Garcia,sam.garcia@mail.net,CA,LMSW,"Thu Eve, Sat Eve, Sat AM, Mon PM, Fri Eve",4,1,0.13275193810367214,1,good_match
9,44,Jamie Garcia,jamie.garcia@example.com,CA,LMSW,"Mon PM, Mon AM, Wed AM, Wed PM",Alex Clark,alex.clark@mail.net,CA,"LMSW, LPCC, LMFT","Wed PM, Mon Eve, Mon AM",1,2,0.4986118773549524,1,good_match
10,54,Drew Moore,drew.moore@sample.org,SC,LPC,"Fri PM, Thu Eve, Wed PM",Riley Chen,riley.chen@mail.net,SC,"LMHC, LPC","Wed Eve, Tue AM, Mon PM",3,0,0.1506103917244498,1,good_match
11,18,Avery Lee,avery.lee@mail.net,TX,LMSW,"Thu Eve, Fri AM, Wed AM, Mon AM, Sat PM",Taylor Davis,taylor.davis@sample.org,TX,"LCSW, LMSW, LPC","Wed Eve, Wed AM, Thu Eve, Wed PM, Fri AM, Sat AM",3,3,0.2344112789257422,1,good_match
11,57,Avery Lee,avery.lee@mail.net,TX,LMSW,"Thu Eve, Fri AM, Wed AM, Mon AM, Sat PM",Jordan Brown,jordan.brown@sample.org,TX,"LPC, LMSW","Fri AM, Wed PM, Thu AM, Sat PM, Wed Eve",4,2,0.45702355863544586,1,good_match
12,20,Morgan Clark,morgan.clark@mail.net,SC,LMFT,"Wed AM, Thu AM, Sat Eve, Tue AM, Wed PM",Avery Moore,avery.moore@sample.org,SC,"LCSW, LMHC, LMFT","Tue Eve, Fri PM, Thu PM, Mon PM, Fri AM, Thu Eve",4,0,0.13735426945248277,1,good_match
12,21,Morgan Clark,morgan.clark@mail.net,SC,LMFT,"Wed AM, Thu AM, Sat Eve, Tue AM, Wed PM",Avery Chen,avery.chen@mail.net,SC,"LMFT, LMSW, LPCC","Tue PM, Fri Eve, Sat Eve",4,1,0.234371258297581,1,good_match
12,42,Morgan Clark,morgan.clark@mail.net,SC,LMFT,"Wed AM, Thu AM, Sat Eve, Tue AM, Wed PM",Taylor Davis,taylor.davis@example.com,SC,"LCSW, LMFT","Mon PM, Fri AM, Mon AM, Tue PM, Fri Eve, Thu PM",2,0,0.09330223989409395,1,good_match
13,21,Taylor Nguyen,taylor.nguyen@sample.org,SC,LPCC,"Tue Eve, Wed PM, Sat AM, Wed AM, Thu PM",Avery Chen,avery.chen@mail.net,SC,"LMFT, LMSW, LPCC","Tue PM, Fri Eve, Sat Eve",4,0,0.15726375315762095,1,good_match
13,45,Taylor Nguyen,taylor.nguyen@sample.org,SC,LPCC,"Tue Eve, Wed PM, Sat AM, Wed AM, Thu PM",Jordan Moore,jordan.moore@sample.org,SC,"LMHC, LPCC","Mon AM, Wed PM, Sat AM",3,2,0.37979727835132904,1,good_match
15,8,Alex Clark,alex.clark@example.com,VA,LMHC,"Thu PM, Tue AM, Mon Eve, Fri Eve, Sat AM",Alex Brown,alex.brown@sample.org,VA,"LCSW, LMHC, LMSW","Thu AM, Tue PM, Wed PM, Wed AM",4,0,0.09385791082634518,1,good_match
15,28,Alex Clark,alex.clark@example.com,VA,LMHC,"Thu PM, Tue AM, Mon Eve, Fri Eve, Sat AM",Jamie Garcia,jamie.garcia@sample.org,VA,"LCSW, LMHC","Thu PM, Mon Eve, Wed PM, Wed AM, Mon PM, Tue AM",3,3,0.4045055548953694,1,good_match
15,30,Alex Clark,alex.clark@example.com,VA,LMHC,"Thu PM, Tue AM, Mon Eve, Fri Eve, Sat AM",Jordan Moore,jordan.moore@example.com,VA,"LMHC, LPCC, LMSW","Fri PM, Wed AM, Thu Eve, Tue Eve, Mon PM",3,0,0.22597303835610483,1,good_match
15,43,Alex Clark,alex.clark@example.com,VA,LMHC,"Thu PM, Tue AM, Mon Eve, Fri Eve, Sat AM",Sam Wilson,sam.wilson@mail.net,VA,"LMSW, LPCC, LMHC","Sat AM, Tue PM, Thu AM, Thu Eve, Sat Eve",2,1,0.3168416568463626,1,good_match
16,11,Casey Garcia,casey.garcia@example.com,PA,LMSW,"Mon PM, Thu AM, Fri AM, Fri PM, Tue Eve",Alex Patel,alex.patel@sample.org,PA,"LPCC, LMSW","Tue PM, Sat PM, Mon PM, Wed PM, Fri PM",4,2,0.34119378607801054,1,good_match
16,46,Casey Garcia,casey.garcia@example.com,PA,LMSW,"Mon PM, Thu AM, Fri AM, Fri PM, Tue Eve",Alex Brown,alex.brown@example.com,PA,"LCSW, LPCC, LMSW","Wed Eve, Mon Eve, Sat Eve, Tue AM, Thu Eve, Fri AM",2,1,0.1698900774813072,1,good_match
16,49,Casey Garcia,casey.garcia@example.com,PA,LMSW,"Mon PM, Thu AM, Fri AM, Fri PM, Tue Eve",Drew Brown,drew.brown@sample.org,PA,"LMHC, LMSW","Tue AM, Wed AM, Thu AM, Mon PM, Wed PM, Mon AM",3,2,0.20680878197404276,1,good_match
17,1,Casey Brown,casey.brown@example.com,SC,LCSW,"Wed Eve, Mon Eve",Sam Chen,sam.chen@sample.org,SC,LCSW,"Mon PM, Tue AM, Wed PM, Thu PM, Fri Eve, Thu AM",1,0,0.1375297880857917,1,good_match
17,20,Casey Brown,casey.brown@example.com,SC,LCSW,"Wed Eve, Mon Eve",Avery Moore,avery.moore@sample.org,SC,"LCSW, LMHC, LMFT","Tue Eve, Fri PM, Thu PM, Mon PM, Fri AM, Thu Eve",4,0,0.1344666917731002,1,good_match
17,42,Casey Brown,casey.brown@example.com,SC,LCSW,"Wed Eve, Mon Eve",Taylor Davis,taylor.davis@example.com,SC,"LCSW, LMFT","Mon PM, Fri AM, Mon AM, Tue PM, Fri Eve, Thu PM",2,0,0.12033091186447323,1,good_match
18,16,Casey Chen,casey.chen@example.com,PA,LMFT,"Thu Eve, Thu AM, Fri PM, Mon PM, Mon AM",Jamie Lee,jamie.lee@example.com,PA,"LMFT, LPCC","Sat PM, Thu AM, Mon Eve",3,1,0.19767192269794906,1,good_match
18,22,Casey Chen,casey.chen@example.com,PA,LMFT,"Thu Eve, Thu AM, Fri PM, Mon PM, Mon AM",Drew Hernandez,drew.hernandez@example.com,PA,"LMFT, LCSW, LPCC","Sat PM, Tue PM, Fri PM",2,1,0.21437963686443534,1,good_match
18,24,Casey Chen,casey.chen@example.com,PA,LMFT,"Thu Eve, Thu AM, Fri PM, Mon PM, Mon AM",Avery Moore,avery.moore@mail.net,PA,"LPCC, LMFT","Sat PM, Sat Eve, Mon AM, Fri PM",4,2,0.2168110714251679,1,good_match
18,37,Casey Chen,casey.chen@example.com,PA,LMFT,"Thu Eve, Thu AM, Fri PM, Mon PM, Mon AM",Alex Lee,alex.lee@mail.net,PA,"LMFT, LPCC, LMHC","Fri Eve, Tue AM, Fri PM, Thu PM",4,1,0.24944386232321636,1,good_match
19,17,Quinn Brown,quinn.brown@example.com,TX,LPCC,"Wed AM, Thu PM, Thu Eve, Sat AM, Wed PM",Jamie Hernandez,jamie.hernandez@example.com,TX,LPCC,"Wed PM, Wed AM, Sat Eve, Fri PM, Sat PM",2,2,0.3234020795875278,1,good_match
21,21,Alex Nguyen,alex.nguyen@example.com,SC,LPCC,"Thu Eve, Wed Eve, Thu PM, Thu AM",Avery Chen,avery.chen@mail.net,SC,"LMFT, LMSW, LPCC","Tue PM, Fri Eve, Sat Eve",4,0,0.11978289936280434,1,good_match
21,45,Alex Nguyen,alex.nguyen@example.com,SC,LPCC,"Thu Eve, Wed Eve, Thu PM, Thu AM",Jordan Moore,jordan.moore@sample.org,SC,"LMHC, LPCC","Mon AM, Wed PM, Sat AM",3,0,0.07139797673786746,1,good_match
22,18,Alex Nguyen,alex.nguyen@mail.net,TX,LPC,"Mon AM, Mon Eve, Sat Eve, Fri PM",Taylor Davis,taylor.davis@sample.org,TX,"LCSW, LMSW, LPC","Wed Eve, Wed AM, Thu Eve, Wed PM, Fri AM, Sat AM",3,0,0.12017893067997998,1,good_match
22,29,Alex Nguyen,alex.nguyen@mail.net,TX,LPC,"Mon AM, Mon Eve, Sat Eve, Fri PM",Sam Patel,sam.patel@mail.net,TX,LPC,"Fri Eve, Wed PM, Tue AM, Wed AM",4,0,0.09244026594388637,1,good_match
22,57,Alex Nguyen,alex.nguyen@mail.net,TX,LPC,"Mon AM, Mon Eve, Sat Eve, Fri PM",Jordan Brown,jordan.brown@sample.org,TX,"LPC, LMSW","Fri AM, Wed PM, Thu AM, Sat PM, Wed Eve",4,0,0.12341487375887096,1,good_match
23,47,Taylor Kim,taylor.kim@sample.org,NY,LMHC,"Fri PM, Sat AM, Tue PM, Fri Eve",Taylor Clark,taylor.clark@mail.net,NY,"LMHC, LCSW","Thu AM, Mon PM, Wed AM, Sat PM, Sat Eve, Mon Eve",3,0,0.22702502708257472,1,good_match
23,50,Taylor Kim,taylor.kim@sample.org,NY,LMHC,"Fri PM, Sat AM, Tue PM, Fri Eve",Avery Kim,avery.kim@mail.net,NY,"LMHC, LMFT","Mon Eve, Sat Eve, Tue PM, Thu Eve",3,1,0.2586715212164619,1,good_match
24,33,Avery Patel,avery.patel@example.com,FL,LMSW,"Wed PM, Thu PM, Sat PM",Quinn Hernandez,quinn.hernandez@example.com,FL,LMSW,"Fri PM, Mon Eve, Wed Eve, Mon AM",1,0,0.1144479543586863,1,good_match
24,38,Avery Patel,avery.patel@example.com,FL,LMSW,"Wed PM, Thu PM, Sat PM",Jamie Chen,jamie.chen@mail.net,FL,"LMFT, LMSW, LPC","Tue PM, Fri AM, Thu Eve, Mon AM",2,0,0.11852128071616566,1,good_match
25,21,Avery Hernandez,avery.hernandez@mail.net,SC,LPCC,"Fri AM, Tue Eve, Wed PM",Avery Chen,avery.chen@mail.net,SC,"LMFT, LMSW, LPCC","Tue PM, Fri Eve, Sat Eve",4,0,0.18592630744496383,1,good_match
25,45,Avery Hernandez,avery.hernandez@mail.net,SC,LPCC,"Fri AM, Tue Eve, Wed PM",Jordan Moore,jordan.moore@sample.org,SC,"LMHC, LPCC","Mon AM, Wed PM, Sat AM",3,1,0.22376261614995308,1,good_match
27,41,Morgan Wilson,morgan.wilson@example.com,GA,LCSW,"Sat AM, Fri Eve, Tue Eve, Tue AM, Mon Eve",Taylor Lee,taylor.lee@sample.org,GA,"LMFT, LCSW","Fri AM, Mon Eve, Sat AM, Tue PM, Wed Eve",2,2,0.2831259112175174,1,good_match
27,59,Morgan Wilson,morgan.wilson@example.com,GA,LCSW,"Sat AM, Fri Eve, Tue Eve, Tue AM, Mon Eve",Riley Patel,riley.patel@mail.net,GA,LCSW,"Thu PM, Mon Eve, Sat Eve, Tue AM",3,2,0.4860193529664552,1,good_match
29,18,Morgan Wilson,morgan.wilson@sample.org,TX,LPC,"Wed AM, Fri Eve, Wed PM, Mon Eve",Taylor Davis,taylor.davis@sample.org,TX,"LCSW, LMSW, LPC","Wed Eve, Wed AM, Thu Eve, Wed PM, Fri AM, Sat AM",3,2,0.47693840103688767,1,good_match
29,29,Morgan Wilson,morgan.wilson@sample.org,TX,LPC,"Wed AM, Fri Eve, Wed PM, Mon Eve",Sam Patel,sam.patel@mail.net,TX,LPC,"Fri Eve, Wed PM, Tue AM, Wed AM",4,3,0.535687496341097,1,good_match
29,57,Morgan Wilson,morgan.wilson@sample.org,TX,LPC,"Wed AM, Fri Eve, Wed PM, Mon Eve",Jordan Brown,jordan.brown@sample.org,TX,"LPC, LMSW","Fri AM, Wed PM, Thu AM, Sat PM, Wed Eve",4,1,0.284651280769155,1,good_match
30,48,Taylor Garcia,taylor.garcia@example.com,FL,LPCC,"Thu PM, Mon Eve, Fri AM",Morgan Moore,morgan.moore@mail.net,FL,"LPCC, LMFT, LCSW","Mon PM, Sat AM, Wed Eve, Thu PM, Sat Eve, Thu Eve",2,1,0.27262087532444423,1,good_match
30,55,Taylor Garcia,taylor.garcia@example.com,FL,LPCC,"Thu PM, Mon Eve, Fri AM",Drew Patel,drew.patel@example.com,FL,"LPCC, LPC","Thu Eve, Fri PM, Mon AM, Fri AM",4,1,0.5528591707019098,1,good_match
31,16,Morgan Garcia,morgan.garcia@mail.net,PA,LMFT,"Fri Eve, Mon PM",Jamie Lee,jamie.lee@example.com,PA,"LMFT, LPCC","Sat PM, Thu AM, Mon Eve",3,0,0.13872473769703847,1,good_match
31,22,Morgan Garcia,morgan.garcia@mail.net,PA,LMFT,"Fri Eve, Mon PM",Drew Hernandez,drew.hernandez@example.com,PA,"LMFT, LCSW, LPCC","Sat PM, Tue PM, Fri PM",2,0,0.16276424217051935,1,good_match
31,24,Morgan Garcia,morgan.garcia@mail.net,PA,LMFT,"Fri Eve, Mon PM",Avery Moore,avery.moore@mail.net,PA,"LPCC, LMFT","Sat PM, Sat Eve, Mon AM, Fri PM",4,0,0.3685841580892943,1,good_match
31,37,Morgan Garcia,morgan.garcia@mail.net,PA,LMFT,"Fri Eve, Mon PM",Alex Lee,alex.lee@mail.net,PA,"LMFT, LPCC, LMHC","Fri Eve, Tue AM, Fri PM, Thu PM",4,1,0.3384125180691085,1,good_match
32,36,Sam Lee,sam.lee@sample.org,GA,LMHC,"Mon PM, Thu AM, Wed PM, Sat Eve",Drew Nguyen,drew.nguyen@mail.net,GA,"LMHC, LPCC","Wed Eve, Thu Eve, Mon AM, Tue PM",1,0,0.19332087410296603,1,good_match
33,27,Alex Garcia,alex.garcia@mail.net,OH,LMFT,"Thu Eve, Sat PM",Sam Brown,sam.brown@sample.org,OH,"LPCC, LMSW, LMFT","Fri Eve, Sat PM, Sat AM, Wed Eve, Tue AM",3,1,0.4878355458797451,1,good_match
34,33,Jordan Brown,jordan.brown@mail.net,FL,LMSW,"Tue AM, Thu Eve",Quinn Hernandez,quinn.hernandez@example.com,FL,LMSW,"Fri PM, Mon Eve, Wed Eve, Mon AM",1,0,0.06369167628148636,1,good_match
34,38,Jordan Brown,jordan.brown@mail.net,FL,LMSW,"Tue AM, Thu Eve",Jamie Chen,jamie.chen@mail.net,FL,"LMFT, LMSW, LPC","Tue PM, Fri AM, Thu Eve, Mon AM",2,1,0.2650294233995728,1,good_match
36,41,Alex Wilson,alex.wilson@mail.net,GA,LCSW,"Fri PM, Thu Eve, Tue Eve, Thu AM",Taylor Lee,taylor.lee@sample.org,GA,"LMFT, LCSW","Fri AM, Mon Eve, Sat AM, Tue PM, Wed Eve",2,0,0.166115424387416,1,good_match
36,59,Alex Wilson,alex.wilson@mail.net,GA,LCSW,"Fri PM, Thu Eve, Tue Eve, Thu AM",Riley Patel,riley.patel@mail.net,GA,LCSW,"Thu PM, Mon Eve, Sat Eve, Tue AM",3,0,0.36221584300184023,1,good_match
38,22,Drew Davis,drew.davis@example.com,PA,LCSW,"Fri AM, Wed Eve, Fri PM",Drew Hernandez,drew.hernandez@example.com,PA,"LMFT, LCSW, LPCC","Sat PM, Tue PM, Fri PM",2,1,0.26637228800107876,1,good_match
38,46,Drew Davis,drew.davis@example.com,PA,LCSW,"Fri AM, Wed Eve, Fri PM",Alex Brown,alex.brown@example.com,PA,"LCSW, LPCC, LMSW","Wed Eve, Mon Eve, Sat Eve, Tue AM, Thu Eve, Fri AM",2,2,0.3546521099217309,1,good_match
38,51,Drew Davis,drew.davis@example.com,PA,LCSW,"Fri AM, Wed Eve, Fri PM",Casey Patel,casey.patel@mail.net,PA,"LCSW, LPC","Sat AM, Sat Eve, Fri AM, Mon AM",2,1,0.2305040710350068,1,good_match
40,14,Casey Moore,casey.moore@example.com,CA,LMSW,"Wed AM, Mon AM, Fri PM, Fri Eve, Mon Eve",Sam Garcia,sam.garcia@mail.net,CA,LMSW,"Thu Eve, Sat Eve, Sat AM, Mon PM, Fri Eve",4,1,0.3040798209017748,1,good_match
40,44,Casey Moore,casey.moore@example.com,CA,LMSW,"Wed AM, Mon AM, Fri PM, Fri Eve, Mon Eve",Alex Clark,alex.clark@mail.net,CA,"LMSW, LPCC, LMFT","Wed PM, Mon Eve, Mon AM",1,2,0.47779947173365167,1,good_match
41,44,Riley Kim,riley.kim@example.com,CA,LPCC,"Fri Eve, Tue Eve, Tue PM, Mon AM",Alex Clark,alex.clark@mail.net,CA,"LMSW, LPCC, LMFT","Wed PM, Mon Eve, Mon AM",1,1,0.2889749334555868,1,good_match
43,8,Morgan Patel,morgan.patel@mail.net,VA,LCSW,"Fri AM, Sat AM",Alex Brown,alex.brown@sample.org,VA,"LCSW, LMHC, LMSW","Thu AM, Tue PM, Wed PM, Wed AM",4,0,0.0,0,availability_mismatch
43,28,Morgan Patel,morgan.patel@mail.net,VA,LCSW,"Fri AM, Sat AM",Jamie Garcia,jamie.garcia@sample.org,VA,"LCSW, LMHC","Thu PM, Mon Eve, Wed PM, Wed AM, Mon PM, Tue AM",3,0,0.0,0,availability_mismatch
45,8,Quinn Wilson,quinn.wilson@mail.net,VA,LMSW,"Fri AM, Wed AM, Sat AM",Alex Brown,alex.brown@sample.org,VA,"LCSW, LMHC, LMSW","Thu AM, Tue PM, Wed PM, Wed AM",4,1,0.09026497447521169,1,good_match
45,30,Quinn Wilson,quinn.wilson@mail.net,VA,LMSW,"Fri AM, Wed AM, Sat AM",Jordan Moore,jordan.moore@example.com,VA,"LMHC, LPCC, LMSW","Fri PM, Wed AM, Thu Eve, Tue Eve, Mon PM",3,1,0.08324247918333999,1,good_match
45,43,Quinn Wilson,quinn.wilson@mail.net,VA,LMSW,"Fri AM, Wed AM, Sat AM",Sam Wilson,sam.wilson@mail.net,VA,"LMSW, LPCC, LMHC","Sat AM, Tue PM, Thu AM, Thu Eve, Sat Eve",2,1,0.07972657844565129,1,good_match
47,41,Jordan Garcia,jordan.garcia@mail.net,GA,LCSW,"Thu PM, Tue AM",Taylor Lee,taylor.lee@sample.org,GA,"LMFT, LCSW","Fri AM, Mon Eve, Sat AM, Tue PM, Wed Eve",2,0,0.09103207942969635,1,good_match
47,59,Jordan Garcia,jordan.garcia@mail.net,GA,LCSW,"Thu PM, Tue AM",Riley Patel,riley.patel@mail.net,GA,LCSW,"Thu PM, Mon Eve, Sat Eve, Tue AM",3,2,0.36534837600920206,1,good_match
48,11,Riley Wilson,riley.wilson@sample.org,PA,LMSW,"Fri PM, Thu AM, Wed PM, Wed AM",Alex Patel,alex.patel@sample.org,PA,"LPCC, LMSW","Tue PM, Sat PM, Mon PM, Wed PM, Fri PM",4,2,0.4881896764148127,1,good_match
48,46,Riley Wilson,riley.wilson@sample.org,PA,LMSW,"Fri PM, Thu AM, Wed PM, Wed AM",Alex Brown,alex.brown@example.com,PA,"LCSW, LPCC, LMSW","Wed Eve, Mon Eve, Sat Eve, Tue AM, Thu Eve, Fri AM",2,0,0.11907972521813608,1,good_match
48,49,Riley Wilson,riley.wilson@sample.org,PA,LMSW,"Fri PM, Thu AM, Wed PM, Wed AM",Drew Brown,drew.brown@sample.org,PA,"LMHC, LMSW","Tue AM, Wed AM, Thu AM, Mon PM, Wed PM, Mon AM",3,3,0.38085560096046417,1,good_match
49,9,Riley Moore,riley.moore@sample.org,NY,LPCC,"Tue Eve, Mon AM, Sat PM, Thu AM, Wed PM",Avery Kim,avery.kim@example.com,NY,"LPCC, LPC","Fri PM, Wed Eve, Sat Eve, Tue Eve",4,1,0.268712187134377,1,good_match
52,35,Jamie Moore,jamie.moore@example.com,NC,LMSW,"Mon Eve, Thu PM, Sat Eve",Morgan Wilson,morgan.wilson@example.com,NC,"LMSW, LMFT, LCSW","Wed Eve, Mon PM, Tue Eve, Tue AM",3,0,0.17131876711565386,1,good_match
53,8,Alex Davis,alex.davis@sample.org,VA,LCSW,"Tue AM, Wed AM",Alex Brown,alex.brown@sample.org,VA,"LCSW, LMHC, LMSW","Thu AM, Tue PM, Wed PM, Wed AM",4,1,0.1772853189426121,1,good_match
53,28,Alex Davis,alex.davis@sample.org,VA,LCSW,"Tue AM, Wed AM",Jamie Garcia,jamie.garcia@sample.org,VA,"LCSW, LMHC","Thu PM, Mon Eve, Wed PM, Wed AM, Mon PM, Tue AM",3,2,0.15416274619500814,1,good_match
54,8,Jordan Brown,jordan.brown@sample.org,VA,LMSW,"Mon Eve, Thu Eve, Wed Eve",Alex Brown,alex.brown@sample.org,VA,"LCSW, LMHC, LMSW","Thu AM, Tue PM, Wed PM, Wed AM",4,0,0.11392735464472788,1,good_match
54,30,Jordan Brown,jordan.brown@sample.org,VA,LMSW,"Mon Eve, Thu Eve, Wed Eve",Jordan Moore,jordan.moore@example.com,VA,"LMHC, LPCC, LMSW","Fri PM, Wed AM, Thu Eve, Tue Eve, Mon PM",3,1,0.31024202311159293,1,good_match
54,43,Jordan Brown,jordan.brown@sample.org,VA,LMSW,"Mon Eve, Thu Eve, Wed Eve",Sam Wilson,sam.wilson@mail.net,VA,"LMSW, LPCC, LMHC","Sat AM, Tue PM, Thu AM, Thu Eve, Sat Eve",2,1,0.25231270766183556,1,good_match
56,27,Taylor Wilson,taylor.wilson@sample.org,OH,LPCC,"Thu PM, Thu Eve, Mon PM",Sam Brown,sam.brown@sample.org,OH,"LPCC, LMSW, LMFT","Fri Eve, Sat PM, Sat AM, Wed Eve, Tue AM",3,0,0.08419888747318012,1,good_match
57,8,Taylor Patel,taylor.patel@sample.org,VA,LMSW,"Thu PM, Fri AM, Tue Eve, Sat PM",Alex Brown,alex.brown@sample.org,VA,"LCSW, LMHC, LMSW","Thu AM, Tue PM, Wed PM, Wed AM",4,0,0.1361958975766843,1,good_match
57,30,Taylor Patel,taylor.patel@sample.org,VA,LMSW,"Thu PM, Fri AM, Tue Eve, Sat PM",Jordan Moore,jordan.moore@example.com,VA,"LMHC, LPCC, LMSW","Fri PM, Wed AM, Thu Eve, Tue Eve, Mon PM",3,1,0.288698909284254,1,good_match
57,43,Taylor Patel,taylor.patel@sample.org,VA,LMSW,"Thu PM, Fri AM, Tue Eve, Sat PM",Sam Wilson,sam.wilson@mail.net,VA,"LMSW, LPCC, LMHC","Sat AM, Tue PM, Thu AM, Thu Eve, Sat Eve",2,0,0.3199905907196629,1,good_match
58,35,Morgan Kim,morgan.kim@mail.net,NC,LMSW,"Fri Eve, Sat PM, Tue AM, Tue PM",Morgan Wilson,morgan.wilson@example.com,NC,"LMSW, LMFT, LCSW","Wed Eve, Mon PM, Tue Eve, Tue AM",3,1,0.3239954231937574,1,good_match
59,18,Jamie Moore,jamie.moore@sample.org,TX,LPC,"Thu Eve, Tue PM, Sat Eve, Tue Eve, Fri AM",Taylor Davis,taylor.davis@sample.org,TX,"LCSW, LMSW, LPC","Wed Eve, Wed AM, Thu Eve, Wed PM, Fri AM, Sat AM",3,2,0.1968297364990013,1,good_match
59,29,Jamie Moore,jamie.moore@sample.org,TX,LPC,"Thu Eve, Tue PM, Sat Eve, Tue Eve, Fri AM",Sam Patel,sam.patel@mail.net,TX,LPC,"Fri Eve, Wed PM, Tue AM, Wed AM",4,0,0.16022502526950277,1,good_match
59,57,Jamie Moore,jamie.moore@sample.org,TX,LPC,"Thu Eve, Tue PM, Sat Eve, Tue Eve, Fri AM",Jordan Brown,jordan.brown@sample.org,TX,"LPC, LMSW","Fri AM, Wed PM, Thu AM, Sat PM, Wed Eve",4,1,0.1495348571907689,1,good_match
60,3,Sam Brown,sam.brown@example.com,VA,LPCC,"Thu AM, Sat PM",Cameron Nguyen,cameron.nguyen@mail.net,VA,LPCC,"Thu Eve, Tue AM, Mon Eve, Thu AM",1,1,0.11423965117696308,1,good_match
60,30,Sam Brown,sam.brown@example.com,VA,LPCC,"Thu AM, Sat PM",Jordan Moore,jordan.moore@example.com,VA,"LMHC, LPCC, LMSW","Fri PM, Wed AM, Thu Eve, Tue Eve, Mon PM",3,0,0.10177937105203355,1,good_match
60,43,Sam Brown,sam.brown@example.com,VA,LPCC,"Thu AM, Sat PM",Sam Wilson,sam.wilson@mail.net,VA,"LMSW, LPCC, LMHC","Sat AM, Tue PM, Thu AM, Thu Eve, Sat Eve",2,1,0.2100949405210336,1,good_match
61,27,Morgan Nguyen,morgan.nguyen@mail.net,OH,LMSW,"Mon AM, Mon PM, Wed PM, Mon Eve",Sam Brown,sam.brown@sample.org,OH,"LPCC, LMSW, LMFT","Fri Eve, Sat PM, Sat AM, Wed Eve, Tue AM",3,0,0.09701715101223427,1,good_match
63,2,Cameron Moore,cameron.moore@example.com,NC,LCSW,"Thu Eve, Thu AM",Cameron Wilson,cameron.wilson@sample.org,NC,LCSW,"Thu AM, Fri PM, Tue PM, Wed Eve",1,1,0.15724773778488849,1,good_match
63,6,Cameron Moore,cameron.moore@example.com,NC,LCSW,"Thu Eve, Thu AM",Jordan Brown,jordan.brown@sample.org,NC,"LCSW, LPCC, LPC","Thu Eve, Sat AM, Fri Eve, Mon PM, Fri PM",1,1,0.2668210724627666,1,good_match
63,35,Cameron Moore,cameron.moore@example.com,NC,LCSW,"Thu Eve, Thu AM",Morgan Wilson,morgan.wilson@example.com,NC,"LMSW, LMFT, LCSW","Wed Eve, Mon PM, Tue Eve, Tue AM",3,0,0.07314322595150434,1,good_match
64,16,Sam Davis,sam.davis@sample.org,PA,LMFT,"Thu AM, Tue PM, Wed AM, Tue Eve, Sat Eve",Jamie Lee,jamie.lee@example.com,PA,"LMFT, LPCC","Sat PM, Thu AM, Mon Eve",3,1,0.13122376553387372,1,good_match
64,22,Sam Davis,sam.davis@sample.org,PA,LMFT,"Thu AM, Tue PM, Wed AM, Tue Eve, Sat Eve",Drew Hernandez,drew.hernandez@example.com,PA,"LMFT, LCSW, LPCC","Sat PM, Tue PM, Fri PM",2,1,0.24362777008697417,1,good_match
64,24,Sam Davis,sam.davis@sample.org,PA,LMFT,"Thu AM, Tue PM, Wed AM, Tue Eve, Sat Eve",Avery Moore,avery.moore@mail.net,PA,"LPCC, LMFT","Sat PM, Sat Eve, Mon AM, Fri PM",4,1,0.19490355180968724,1,good_match
64,37,Sam Davis,sam.davis@sample.org,PA,LMFT,"Thu AM, Tue PM, Wed AM, Tue Eve, Sat Eve",Alex Lee,alex.lee@mail.net,PA,"LMFT, LPCC, LMHC","Fri Eve, Tue AM, Fri PM, Thu PM",4,0,0.15290479680598854,1,good_match
65,35,Avery Patel,avery.patel@example.com,NC,LMFT,"Fri Eve, Tue AM, Mon Eve",Morgan Wilson,morgan.wilson@example.com,NC,"LMSW, LMFT, LCSW","Wed Eve, Mon PM, Tue Eve, Tue AM",3,1,0.3648542787474099,1,good_match
67,27,Drew Wilson,drew.wilson@sample.org,OH,LPCC,"Wed PM, Tue Eve, Mon AM, Sat AM, Fri Eve",Sam Brown,sam.brown@sample.org,OH,"LPCC, LMSW, LMFT","Fri Eve, Sat PM, Sat AM, Wed Eve, Tue AM",3,2,0.30500521074037923,1,good_match
68,10,Jamie Lee,jamie.lee@sample.org,VA,LMFT,"Mon PM, Tue AM, Mon AM",Taylor Patel,taylor.patel@example.com,VA,LMFT,"Mon AM, Sat AM, Tue Eve, Tue PM",3,1,0.21184846936965768,1,good_match
68,25,Jamie Lee,jamie.lee@sample.org,VA,LMFT,"Mon PM, Tue AM, Mon AM",Jordan Wilson,jordan.wilson@example.com,VA,LMFT,"Tue AM, Mon PM, Thu PM, Sat AM, Wed Eve, Fri PM",4,2,0.47698101781478613,1,good_match
68,58,Jamie Lee,jamie.lee@sample.org,VA,LMFT,"Mon PM, Tue AM, Mon AM",Sam Patel,sam.patel@mail.net,VA,LMFT,"Sat Eve, Wed PM, Fri Eve, Sat AM, Tue Eve, Fri AM",4,0,0.05531042527986925,1,good_match
69,23,Cameron Davis,cameron.davis@mail.net,GA,LMFT,"Wed AM, Sat PM, Fri PM, Sat AM, Thu AM",Taylor Lee,taylor.lee@sample.org,GA,"LPCC, LMFT","Wed Eve, Fri PM, Tue PM, Mon AM, Thu Eve",3,1,0.20420572932025174,1,good_match
69,41,Cameron Davis,cameron.davis@mail.net,GA,LMFT,"Wed AM, Sat PM, Fri PM, Sat AM, Thu AM",Taylor Lee,taylor.lee@sample.org,GA,"LMFT, LCSW","Fri AM, Mon Eve, Sat AM, Tue PM, Wed Eve",2,1,0.14972777328017894,1,good_match
70,54,Jordan Davis,jordan.davis@sample.org,SC,LPC,"Sat AM, Mon AM",Riley Chen,riley.chen@mail.net,SC,"LMHC, LPC","Wed Eve, Tue AM, Mon PM",3,0,0.06907185294079728,1,good_match
71,31,Riley Chen,riley.chen@mail.net,NY,LCSW,"Tue Eve, Wed PM, Tue AM, Tue PM, Sat AM",Alex Hernandez,alex.hernandez@mail.net,NY,"LMSW, LCSW","Thu PM, Sat PM, Thu AM, Wed Eve, Mon PM, Fri PM",2,0,0.2280979425705541,1,good_match
71,47,Riley Chen,riley.chen@mail.net,NY,LCSW,"Tue Eve, Wed PM, Tue AM, Tue PM, Sat AM",Taylor Clark,taylor.clark@mail.net,NY,"LMHC, LCSW","Thu AM, Mon PM, Wed AM, Sat PM, Sat Eve, Mon Eve",3,0,0.2133081430454621,1,good_match
72,18,Drew Lee,drew.lee@example.com,TX,LMSW,"Mon PM, Wed Eve, Fri PM, Thu PM",Taylor Davis,taylor.davis@sample.org,TX,"LCSW, LMSW, LPC","Wed Eve, Wed AM, Thu Eve, Wed PM, Fri AM, Sat AM",3,1,0.2765543072286174,1,good_match
72,57,Drew Lee,drew.lee@example.com,TX,LMSW,"Mon PM, Wed Eve, Fri PM, Thu PM",Jordan Brown,jordan.brown@sample.org,TX,"LPC, LMSW","Fri AM, Wed PM, Thu AM, Sat PM, Wed Eve",4,1,0.5038459176398006,1,good_match
73,41,Jamie Nguyen,jamie.nguyen@sample.org,GA,LCSW,"Tue Eve, Wed Eve",Taylor Lee,taylor.lee@sample.org,GA,"LMFT, LCSW","Fri AM, Mon Eve, Sat AM, Tue PM, Wed Eve",2,1,0.3355992695475992,1,good_match
73,59,Jamie Nguyen,jamie.nguyen@sample.org,GA,LCSW,"Tue Eve, Wed Eve",Riley Patel,riley.patel@mail.net,GA,LCSW,"Thu PM, Mon Eve, Sat Eve, Tue AM",3,0,0.18868367528601365,1,good_match
74,8,Taylor Clark,taylor.clark@example.com,VA,LMSW,"Wed AM, Fri AM, Thu PM, Thu AM",Alex Brown,alex.brown@sample.org,VA,"LCSW, LMHC, LMSW","Thu AM, Tue PM, Wed PM, Wed AM",4,2,0.1683586344348458,1,good_match
74,30,Taylor Clark,taylor.clark@example.com,VA,LMSW,"Wed AM, Fri AM, Thu PM, Thu AM",Jordan Moore,jordan.moore@example.com,VA,"LMHC, LPCC, LMSW","Fri PM, Wed AM, Thu Eve, Tue Eve, Mon PM",3,1,0.16304001628848466,1,good_match
74,43,Taylor Clark,taylor.clark@example.com,VA,LMSW,"Wed AM, Fri AM, Thu PM, Thu AM",Sam Wilson,sam.wilson@mail.net,VA,"LMSW, LPCC, LMHC","Sat AM, Tue PM, Thu AM, Thu Eve, Sat Eve",2,1,0.22125322180071372,1,good_match
75,4,Taylor Chen,taylor.chen@mail.net,PA,LMHC,"Sat PM, Mon AM, Sat Eve, Wed AM, Thu Eve",Cameron Garcia,cameron.garcia@sample.org,PA,"LPC, LMHC","Thu Eve, Thu AM, Wed PM, Fri AM, Mon Eve, Sat Eve",2,2,0.3619602066582672,1,good_match
75,5,Taylor Chen,taylor.chen@mail.net,PA,LMHC,"Sat PM, Mon AM, Sat Eve, Wed AM, Thu Eve",Sam Wilson,sam.wilson@sample.org,PA,"LPC, LMHC","Mon Eve, Tue AM, Fri PM, Sat Eve, Fri AM",3,1,0.2454134444028868,1,good_match
75,37,Taylor Chen,taylor.chen@mail.net,PA,LMHC,"Sat PM, Mon AM, Sat Eve, Wed AM, Thu Eve",Alex Lee,alex.lee@mail.net,PA,"LMFT, LPCC, LMHC","Fri Eve, Tue AM, Fri PM, Thu PM",4,0,0.099722621901878,1,good_match
75,49,Taylor Chen,taylor.chen@mail.net,PA,LMHC,"Sat PM, Mon AM, Sat Eve, Wed AM, Thu Eve",Drew Brown,drew.brown@sample.org,PA,"LMHC, LMSW","Tue AM, Wed AM, Thu AM, Mon PM, Wed PM, Mon AM",3,2,0.3866266897797235,1,good_match
76,36,Taylor Wilson,taylor.wilson@sample.org,GA,LMHC,"Tue Eve, Tue PM",Drew Nguyen,drew.nguyen@mail.net,GA,"LMHC, LPCC","Wed Eve, Thu Eve, Mon AM, Tue PM",1,1,0.31576544310834687,1,good_match
77,21,Alex Lee,alex.lee@example.com,SC,LPCC,"Thu Eve, Tue PM, Mon AM",Avery Chen,avery.chen@mail.net,SC,"LMFT, LMSW, LPCC","Tue PM, Fri Eve, Sat Eve",4,1,0.3017391690802218,1,good_match
77,45,Alex Lee,alex.lee@example.com,SC,LPCC,"Thu Eve, Tue PM, Mon AM",Jordan Moore,jordan.moore@sample.org,SC,"LMHC, LPCC","Mon AM, Wed PM, Sat AM",3,1,0.09902987196608384,1,good_match
78,35,Alex Lee,alex.lee@example.com,NC,LMSW,"Mon PM, Mon Eve",Morgan Wilson,morgan.wilson@example.com,NC,"LMSW, LMFT, LCSW","Wed Eve, Mon PM, Tue Eve, Tue AM",3,1,0.33461592070338086,1,good_match
79,11,Cameron Hernandez,cameron.hernandez@example.com,PA,LMSW,"Fri AM, Tue AM",Alex Patel,alex.patel@sample.org,PA,"LPCC, LMSW","Tue PM, Sat PM, Mon PM, Wed PM, Fri PM",4,0,0.0994457363153455,1,good_match
79,46,Cameron Hernandez,cameron.hernandez@example.com,PA,LMSW,"Fri AM, Tue AM",Alex Brown,alex.brown@example.com,PA,"LCSW, LPCC, LMSW","Wed Eve, Mon Eve, Sat Eve, Tue AM, Thu Eve, Fri AM",2,2,0.09510007508410584,1,good_match
79,49,Cameron Hernandez,cameron.hernandez@example.com,PA,LMSW,"Fri AM, Tue AM",Drew Brown,drew.brown@sample.org,PA,"LMHC, LMSW","Tue AM, Wed AM, Thu AM, Mon PM, Wed PM, Mon AM",3,1,0.04952994202760536,1,good_match
80,1,Taylor Garcia,taylor.garcia@example.com,SC,LCSW,"Mon Eve, Thu AM",Sam Chen,sam.chen@sample.org,SC,LCSW,"Mon PM, Tue AM, Wed PM, Thu PM, Fri Eve, Thu AM",1,1,0.3606729935155166,1,good_match
80,20,Taylor Garcia,taylor.garcia@example.com,SC,LCSW,"Mon Eve, Thu AM",Avery Moore,avery.moore@sample.org,SC,"LCSW, LMHC, LMFT","Tue Eve, Fri PM, Thu PM, Mon PM, Fri AM, Thu Eve",4,0,0.20755808091463213,1,good_match
80,42,Taylor Garcia,taylor.garcia@example.com,SC,LCSW,"Mon Eve, Thu AM",Taylor Davis,taylor.davis@example.com,SC,"LCSW, LMFT","Mon PM, Fri AM, Mon AM, Tue PM, Fri Eve, Thu PM",2,0,0.3232100496020318,1,good_match
81,7,Avery Kim,avery.kim@example.com,SC,LMSW,"Thu AM, Thu PM, Sat PM",Morgan Brown,morgan.brown@mail.net,SC,LMSW,"Fri Eve, Thu AM, Fri AM, Sat Eve, Thu PM",3,2,0.26165903595218687,1,good_match
81,12,Avery Kim,avery.kim@example.com,SC,LMSW,"Thu AM, Thu PM, Sat PM",Riley Chen,riley.chen@sample.org,SC,"LMSW, LMHC","Wed AM, Mon Eve, Sat Eve",4,0,0.04680903574993591,0,availability_mismatch
81,21,Avery Kim,avery.kim@example.com,SC,LMSW,"Thu AM, Thu PM, Sat PM",Avery Chen,avery.chen@mail.net,SC,"LMFT, LMSW, LPCC","Tue PM, Fri Eve, Sat Eve",4,0,0.09869285492788132,1,good_match
81,53,Avery Kim,avery.kim@example.com,SC,LMSW,"Thu AM, Thu PM, Sat PM",Casey Hernandez,casey.hernandez@sample.org,SC,LMSW,"Thu AM, Wed Eve, Thu Eve",1,1,0.1742338137761317,1,good_match
81,56,Avery Kim,avery.kim@example.com,SC,LMSW,"Thu AM, Thu PM, Sat PM",Jamie Davis,jamie.davis@example.com,SC,LMSW,"Fri Eve, Tue PM, Thu AM, Wed PM, Mon AM, Wed Eve",2,1,0.12518562342345624,1,good_match
82,18,Riley Nguyen,riley.nguyen@example.com,TX,LPC,"Mon PM, Thu Eve, Thu PM, Fri AM",Taylor Davis,taylor.davis@sample.org,TX,"LCSW, LMSW, LPC","Wed Eve, Wed AM, Thu Eve, Wed PM, Fri AM, Sat AM",3,2,0.2767378128133355,1,good_match
82,29,Riley Nguyen,riley.nguyen@example.com,TX,LPC,"Mon PM, Thu Eve, Thu PM, Fri AM",Sam Patel,sam.patel@mail.net,TX,LPC,"Fri Eve, Wed PM, Tue AM, Wed AM",4,0,0.10110653572887077,1,good_match
82,57,Riley Nguyen,riley.nguyen@example.com,TX,LPC,"Mon PM, Thu Eve, Thu PM, Fri AM",Jordan Brown,jordan.brown@sample.org,TX,"LPC, LMSW","Fri AM, Wed PM, Thu AM, Sat PM, Wed Eve",4,1,0.278128091755684,1,good_match
83,48,Cameron Davis,cameron.davis@sample.org,FL,LPCC,"Fri PM, Mon AM",Morgan Moore,morgan.moore@mail.net,FL,"LPCC, LMFT, LCSW","Mon PM, Sat AM, Wed Eve, Thu PM, Sat Eve, Thu Eve",2,0,0.09703196286387586,1,good_match
83,55,Cameron Davis,cameron.davis@sample.org,FL,LPCC,"Fri PM, Mon AM",Drew Patel,drew.patel@example.com,FL,"LPCC, LPC","Thu Eve, Fri PM, Mon AM, Fri AM",4,2,0.6044652132391424,1,good_match
85,15,Quinn Kim,quinn.kim@mail.net,FL,LMFT,"Mon AM, Sat PM, Wed AM, Tue PM, Fri AM",Avery Brown,avery.brown@sample.org,FL,LMFT,"Thu PM, Wed Eve, Sat AM",2,0,0.2794361917303223,1,good_match
85,32,Quinn Kim,quinn.kim@mail.net,FL,LMFT,"Mon AM, Sat PM, Wed AM, Tue PM, Fri AM",Sam Kim,sam.kim@sample.org,FL,LMFT,"Tue PM, Fri PM, Wed Eve, Wed AM, Mon Eve",4,2,0.4502813608331173,1,good_match
85,38,Quinn Kim,quinn.kim@mail.net,FL,LMFT,"Mon AM, Sat PM, Wed AM, Tue PM, Fri AM",Jamie Chen,jamie.chen@mail.net,FL,"LMFT, LMSW, LPC","Tue PM, Fri AM, Thu Eve, Mon AM",2,3,0.343925197498811,1,good_match
85,39,Quinn Kim,quinn.kim@mail.net,FL,LMFT,"Mon AM, Sat PM, Wed AM, Tue PM, Fri AM",Alex Kim,alex.kim@mail.net,FL,"LMFT, LCSW","Fri AM, Sat PM, Thu AM",2,2,0.24644071174410295,1,good_match
85,48,Quinn Kim,quinn.kim@mail.net,FL,LMFT,"Mon AM, Sat PM, Wed AM, Tue PM, Fri AM",Morgan Moore,morgan.moore@mail.net,FL,"LPCC, LMFT, LCSW","Mon PM, Sat AM, Wed Eve, Thu PM, Sat Eve, Thu Eve",2,0,0.143359286781212,1,good_match
86,31,Alex Lee,alex.lee@sample.org,NY,LCSW,"Tue Eve, Sat AM, Thu Eve, Fri PM, Wed Eve",Alex Hernandez,alex.hernandez@mail.net,NY,"LMSW, LCSW","Thu PM, Sat PM, Thu AM, Wed Eve, Mon PM, Fri PM",2,2,0.32103924351746815,1,good_match
86,47,Alex Lee,alex.lee@sample.org,NY,LCSW,"Tue Eve, Sat AM, Thu Eve, Fri PM, Wed Eve",Taylor Clark,taylor.clark@mail.net,NY,"LMHC, LCSW","Thu AM, Mon PM, Wed AM, Sat PM, Sat Eve, Mon Eve",3,0,0.2720425316399798,1,good_match
87,15,Morgan Wilson,morgan.wilson@example.com,FL,LMFT,"Sat AM, Tue Eve, Tue AM",Avery Brown,avery.brown@sample.org,FL,LMFT,"Thu PM, Wed Eve, Sat AM",2,1,0.09928168456643191,1,good_match
87,32,Morgan Wilson,morgan.wilson@example.com,FL,LMFT,"Sat AM, Tue Eve, Tue AM",Sam Kim,sam.kim@sample.org,FL,LMFT,"Tue PM, Fri PM, Wed Eve, Wed AM, Mon Eve",4,0,0.12421917214740585,1,good_match
87,38,Morgan Wilson,morgan.wilson@example.com,FL,LMFT,"Sat AM, Tue Eve, Tue AM",Jamie Chen,jamie.chen@mail.net,FL,"LMFT, LMSW, LPC","Tue PM, Fri AM, Thu Eve, Mon AM",2,0,0.12930755050846982,1,good_match
87,39,Morgan Wilson,morgan.wilson@example.com,FL,LMFT,"Sat AM, Tue Eve, Tue AM",Alex Kim,alex.kim@mail.net,FL,"LMFT, LCSW","Fri AM, Sat PM, Thu AM",2,0,0.06341898496008984,1,good_match
87,48,Morgan Wilson,morgan.wilson@example.com,FL,LMFT,"Sat AM, Tue Eve, Tue AM",Morgan Moore,morgan.moore@mail.net,FL,"LPCC, LMFT, LCSW","Mon PM, Sat AM, Wed Eve, Thu PM, Sat Eve, Thu Eve",2,1,0.11731119433953148,1,good_match
88,22,Drew Kim,drew.kim@sample.org,PA,LCSW,"Thu Eve, Tue AM, Fri AM, Fri Eve",Drew Hernandez,drew.hernandez@example.com,PA,"LMFT, LCSW, LPCC","Sat PM, Tue PM, Fri PM",2,0,0.10899860270796649,1,good_match
88,46,Drew Kim,drew.kim@sample.org,PA,LCSW,"Thu Eve, Tue AM, Fri AM, Fri Eve",Alex Brown,alex.brown@example.com,PA,"LCSW, LPCC, LMSW","Wed Eve, Mon Eve, Sat Eve, Tue AM, Thu Eve, Fri AM",2,3,0.34500426946729496,1,good_match
88,51,Drew Kim,drew.kim@sample.org,PA,LCSW,"Thu Eve, Tue AM, Fri AM, Fri Eve",Casey Patel,casey.patel@mail.net,PA,"LCSW, LPC","Sat AM, Sat Eve, Fri AM, Mon AM",2,1,0.10175252854084971,1,good_match
89,14,Riley Clark,riley.clark@example.com,CA,LMSW,"Thu Eve, Wed AM",Sam Garcia,sam.garcia@mail.net,CA,LMSW,"Thu Eve, Sat Eve, Sat AM, Mon PM, Fri Eve",4,1,0.23913725696423882,1,good_match
89,44,Riley Clark,riley.clark@example.com,CA,LMSW,"Thu Eve, Wed AM",Alex Clark,alex.clark@mail.net,CA,"LMSW, LPCC, LMFT","Wed PM, Mon Eve, Mon AM",1,0,0.13835125651950292,1,good_match
90,11,Morgan Nguyen,morgan.nguyen@sample.org,PA,LPCC,"Fri AM, Wed PM, Fri Eve",Alex Patel,alex.patel@sample.org,PA,"LPCC, LMSW","Tue PM, Sat PM, Mon PM, Wed PM, Fri PM",4,1,0.3668063311078647,1,good_match
90,16,Morgan Nguyen,morgan.nguyen@sample.org,PA,LPCC,"Fri AM, Wed PM, Fri Eve",Jamie Lee,jamie.lee@example.com,PA,"LMFT, LPCC","Sat PM, Thu AM, Mon Eve",3,0,0.054323015889602325,1,good_match
90,22,Morgan Nguyen,morgan.nguyen@sample.org,PA,LPCC,"Fri AM, Wed PM, Fri Eve",Drew Hernandez,drew.hernandez@example.com,PA,"LMFT, LCSW, LPCC","Sat PM, Tue PM, Fri PM",2,0,0.30229762744890964,1,good_match
90,24,Morgan Nguyen,morgan.nguyen@sample.org,PA,LPCC,"Fri AM, Wed PM, Fri Eve",Avery Moore,avery.moore@mail.net,PA,"LPCC, LMFT","Sat PM, Sat Eve, Mon AM, Fri PM",4,0,0.1357616502025223,1,good_match
90,37,Morgan Nguyen,morgan.nguyen@sample.org,PA,LPCC,"Fri AM, Wed PM, Fri Eve",Alex Lee,alex.lee@mail.net,PA,"LMFT, LPCC, LMHC","Fri Eve, Tue AM, Fri PM, Thu PM",4,1,0.32685664437517914,1,good_match
90,46,Morgan Nguyen,morgan.nguyen@sample.org,PA,LPCC,"Fri AM, Wed PM, Fri Eve",Alex Brown,alex.brown@example.com,PA,"LCSW, LPCC, LMSW","Wed Eve, Mon Eve, Sat Eve, Tue AM, Thu Eve, Fri AM",2,1,0.16862420174228598,1,good_match
91,27,Jordan Davis,jordan.davis@mail.net,OH,LMSW,"Thu Eve, Thu PM",Sam Brown,sam.brown@sample.org,OH,"LPCC, LMSW, LMFT","Fri Eve, Sat PM, Sat AM, Wed Eve, Tue AM",3,0,0.08164766977224172,1,good_match
92,11,Jamie Patel,jamie.patel@sample.org,PA,LMSW,"Tue Eve, Fri Eve, Sat PM, Thu Eve",Alex Patel,alex.patel@sample.org,PA,"LPCC, LMSW","Tue PM, Sat PM, Mon PM, Wed PM, Fri PM",4,1,0.23169301501682488,1,good_match
92,46,Jamie Patel,jamie.patel@sample.org,PA,LMSW,"Tue Eve, Fri Eve, Sat PM, Thu Eve",Alex Brown,alex.brown@example.com,PA,"LCSW, LPCC, LMSW","Wed Eve, Mon Eve, Sat Eve, Tue AM, Thu Eve, Fri AM",2,1,0.5272399045338002,1,good_match
92,49,Jamie Patel,jamie.patel@sample.org,PA,LMSW,"Tue Eve, Fri Eve, Sat PM, Thu Eve",Drew Brown,drew.brown@sample.org,PA,"LMHC, LMSW","Tue AM, Wed AM, Thu AM, Mon PM, Wed PM, Mon AM",3,0,0.08498767919765643,1,good_match
94,10,Quinn Wilson,quinn.wilson@example.com,VA,LMFT,"Sat PM, Thu Eve, Tue Eve, Tue AM",Taylor Patel,taylor.patel@example.com,VA,LMFT,"Mon AM, Sat AM, Tue Eve, Tue PM",3,1,0.5210834416535928,1,good_match
94,25,Quinn Wilson,quinn.wilson@example.com,VA,LMFT,"Sat PM, Thu Eve, Tue Eve, Tue AM",Jordan Wilson,jordan.wilson@example.com,VA,LMFT,"Tue AM, Mon PM, Thu PM, Sat AM, Wed Eve, Fri PM",4,1,0.2678336276891435,1,good_match
94,58,Quinn Wilson,quinn.wilson@example.com,VA,LMFT,"Sat PM, Thu Eve, Tue Eve, Tue AM",Sam Patel,sam.patel@mail.net,VA,LMFT,"Sat Eve, Wed PM, Fri Eve, Sat AM, Tue Eve, Fri AM",4,1,0.290078413771383,1,good_match
95,20,Casey Garcia,casey.garcia@sample.org,SC,LMFT,"Wed AM, Fri AM",Avery Moore,avery.moore@sample.org,SC,"LCSW, LMHC, LMFT","Tue Eve, Fri PM, Thu PM, Mon PM, Fri AM, Thu Eve",4,1,0.07977589056238787,1,good_match
95,21,Casey Garcia,casey.garcia@sample.org,SC,LMFT,"Wed AM, Fri AM",Avery Chen,avery.chen@mail.net,SC,"LMFT, LMSW, LPCC","Tue PM, Fri Eve, Sat Eve",4,0,0.06222571766216057,1,good_match
95,42,Casey Garcia,casey.garcia@sample.org,SC,LMFT,"Wed AM, Fri AM",Taylor Davis,taylor.davis@example.com,SC,"LCSW, LMFT","Mon PM, Fri AM, Mon AM, Tue PM, Fri Eve, Thu PM",2,1,0.0746452481911965,1,good_match
97,2,Taylor Chen,taylor.chen@sample.org,NC,LCSW,"Fri PM, Wed PM, Thu AM, Sat PM, Mon AM",Cameron Wilson,cameron.wilson@sample.org,NC,LCSW,"Thu AM, Fri PM, Tue PM, Wed Eve",1,2,0.37782106065021576,1,good_match
97,6,Taylor Chen,taylor.chen@sample.org,NC,LCSW,"Fri PM, Wed PM, Thu AM, Sat PM, Mon AM",Jordan Brown,jordan.brown@sample.org,NC,"LCSW, LPCC, LPC","Thu Eve, Sat AM, Fri Eve, Mon PM, Fri PM",1,1,0.28917890780960437,1,good_match
97,35,Taylor Chen,taylor.chen@sample.org,NC,LCSW,"Fri PM, Wed PM, Thu AM, Sat PM, Mon AM",Morgan Wilson,morgan.wilson@example.com,NC,"LMSW, LMFT, LCSW","Wed Eve, Mon PM, Tue Eve, Tue AM",3,0,0.12765364882387878,1,good_match
99,27,Drew Clark,drew.clark@mail.net,OH,LMFT,"Tue AM, Fri Eve, Fri PM",Sam Brown,sam.brown@sample.org,OH,"LPCC, LMSW, LMFT","Fri Eve, Sat PM, Sat AM, Wed Eve, Tue AM",3,2,0.271977688898835,1,good_match
100,12,Casey Nguyen,casey.nguyen@mail.net,SC,LMHC,"Fri AM, Tue Eve, Wed Eve",Riley Chen,riley.chen@sample.org,SC,"LMSW, LMHC","Wed AM, Mon Eve, Sat Eve",4,0,0.1663204095438396,1,good_match
100,19,Casey Nguyen,casey.nguyen@mail.net,SC,LMHC,"Fri AM, Tue Eve, Wed Eve",Casey Kim,casey.kim@example.com,SC,LMHC,"Thu PM, Wed AM, Sat AM, Thu AM",1,0,0.04575653615474263,0,availability_mismatch
100,20,Casey Nguyen,casey.nguyen@mail.net,SC,LMHC,"Fri AM, Tue Eve, Wed Eve",Avery Moore,avery.moore@sample.org,SC,"LCSW, LMHC, LMFT","Tue Eve, Fri PM, Thu PM, Mon PM, Fri AM, Thu Eve",4,2,0.2450093713973009,1,good_match
100,45,Casey Nguyen,casey.nguyen@mail.net,SC,LMHC,"Fri AM, Tue Eve, Wed Eve",Jordan Moore,jordan.moore@sample.org,SC,"LMHC, LPCC","Mon AM, Wed PM, Sat AM",3,0,0.05714422483210094,1,good_match
100,54,Casey Nguyen,casey.nguyen@mail.net,SC,LMHC,"Fri AM, Tue Eve, Wed Eve",Riley Chen,riley.chen@mail.net,SC,"LMHC, LPC","Wed Eve, Tue AM, Mon PM",3,1,0.30638111084296893,1,good_match
101,0,Riley Brown,riley.brown@sample.org,NC,LPCC,"Sat PM, Tue Eve, Thu PM, Fri AM, Mon AM",Casey Patel,casey.patel@sample.org,NC,LPCC,"Thu Eve, Mon PM, Wed AM",1,0,0.17039395002206761,1,good_match
101,6,Riley Brown,riley.brown@sample.org,NC,LPCC,"Sat PM, Tue Eve, Thu PM, Fri AM, Mon AM",Jordan Brown,jordan.brown@sample.org,NC,"LCSW, LPCC, LPC","Thu Eve, Sat AM, Fri Eve, Mon PM, Fri PM",1,0,0.32456706505342225,1,good_match
102,6,Riley Brown,riley.brown@example.com,NC,LPC,"Tue Eve, Wed AM, Thu Eve",Jordan Brown,jordan.brown@sample.org,NC,"LCSW, LPCC, LPC","Thu Eve, Sat AM, Fri Eve, Mon PM, Fri PM",1,1,0.19513831218046107,1,good_match
103,16,Sam Wilson,sam.wilson@sample.org,PA,LMFT,"Sat PM, Mon AM, Thu Eve, Wed Eve, Tue Eve",Jamie Lee,jamie.lee@example.com,PA,"LMFT, LPCC","Sat PM, Thu AM, Mon Eve",3,1,0.2774494873599628,1,good_match
103,22,Sam Wilson,sam.wilson@sample.org,PA,LMFT,"Sat PM, Mon AM, Thu Eve, Wed Eve, Tue Eve",Drew Hernandez,drew.hernandez@example.com,PA,"LMFT, LCSW, LPCC","Sat PM, Tue PM, Fri PM",2,1,0.21493876960051886,1,good_match
103,24,Sam Wilson,sam.wilson@sample.org,PA,LMFT,"Sat PM, Mon AM, Thu Eve, Wed Eve, Tue Eve",Avery Moore,avery.moore@mail.net,PA,"LPCC, LMFT","Sat PM, Sat Eve, Mon AM, Fri PM",4,2,0.23994319311201456,1,good_match
103,37,Sam Wilson,sam.wilson@sample.org,PA,LMFT,"Sat PM, Mon AM, Thu Eve, Wed Eve, Tue Eve",Alex Lee,alex.lee@mail.net,PA,"LMFT, LPCC, LMHC","Fri Eve, Tue AM, Fri PM, Thu PM",4,0,0.22940966553602968,1,good_match
105,6,Quinn Wilson,quinn.wilson@sample.org,NC,LPC,"Fri AM, Sat Eve, Mon PM, Mon AM",Jordan Brown,jordan.brown@sample.org,NC,"LCSW, LPCC, LPC","Thu Eve, Sat AM, Fri Eve, Mon PM, Fri PM",1,1,0.4242069974911177,1,good_match
106,17,Sam Chen,sam.chen@sample.org,TX,LPCC,"Tue AM, Wed PM, Thu AM, Thu Eve",Jamie Hernandez,jamie.hernandez@example.com,TX,LPCC,"Wed PM, Wed AM, Sat Eve, Fri PM, Sat PM",2,1,0.1982914930832233,1,good_match
108,11,Drew Garcia,drew.garcia@sample.org,PA,LMSW,"Tue PM, Thu Eve, Fri PM",Alex Patel,alex.patel@sample.org,PA,"LPCC, LMSW","Tue PM, Sat PM, Mon PM, Wed PM, Fri PM",4,2,0.42607757082692943,1,good_match
108,46,Drew Garcia,drew.garcia@sample.org,PA,LMSW,"Tue PM, Thu Eve, Fri PM",Alex Brown,alex.brown@example.com,PA,"LCSW, LPCC, LMSW","Wed Eve, Mon Eve, Sat Eve, Tue AM, Thu Eve, Fri AM",2,1,0.35704100856964616,1,good_match
108,49,Drew Garcia,drew.garcia@sample.org,PA,LMSW,"Tue PM, Thu Eve, Fri PM",Drew Brown,drew.brown@sample.org,PA,"LMHC, LMSW","Tue AM, Wed AM, Thu AM, Mon PM, Wed PM, Mon AM",3,0,0.14498030722329275,1,good_match
109,8,Avery Nguyen,avery.nguyen@mail.net,VA,LMHC,"Wed PM, Wed Eve, Fri AM, Thu PM",Alex Brown,alex.brown@sample.org,VA,"LCSW, LMHC, LMSW","Thu AM, Tue PM, Wed PM, Wed AM",4,1,0.4971251478870322,1,good_match
109,28,Avery Nguyen,avery.nguyen@mail.net,VA,LMHC,"Wed PM, Wed Eve, Fri AM, Thu PM",Jamie Garcia,jamie.garcia@sample.org,VA,"LCSW, LMHC","Thu PM, Mon Eve, Wed PM, Wed AM, Mon PM, Tue AM",3,2,0.46687742424929135,1,good_match
109,30,Avery Nguyen,avery.nguyen@mail.net,VA,LMHC,"Wed PM, Wed Eve, Fri AM, Thu PM",Jordan Moore,jordan.moore@example.com,VA,"LMHC, LPCC, LMSW","Fri PM, Wed AM, Thu Eve, Tue Eve, Mon PM",3,0,0.3246264740830913,1,good_match
109,43,Avery Nguyen,avery.nguyen@mail.net,VA,LMHC,"Wed PM, Wed Eve, Fri AM, Thu PM",Sam Wilson,sam.wilson@mail.net,VA,"LMSW, LPCC, LMHC","Sat AM, Tue PM, Thu AM, Thu Eve, Sat Eve",2,0,0.12380056849740892,1,good_match
110,8,Morgan Chen,morgan.chen@mail.net,VA,LMHC,"Wed Eve, Thu Eve",Alex Brown,alex.brown@sample.org,VA,"LCSW, LMHC, LMSW","Thu AM, Tue PM, Wed PM, Wed AM",4,0,0.15334851341628303,1,good_match
110,28,Morgan Chen,morgan.chen@mail.net,VA,LMHC,"Wed Eve, Thu Eve",Jamie Garcia,jamie.garcia@sample.org,VA,"LCSW, LMHC","Thu PM, Mon Eve, Wed PM, Wed AM, Mon PM, Tue AM",3,0,0.18274966668562703,1,good_match
110,30,Morgan Chen,morgan.chen@mail.net,VA,LMHC,"Wed Eve, Thu Eve",Jordan Moore,jordan.moore@example.com,VA,"LMHC, LPCC, LMSW","Fri PM, Wed AM, Thu Eve, Tue Eve, Mon PM",3,1,0.31096303404588505,1,good_match
110,43,Morgan Chen,morgan.chen@mail.net,VA,LMHC,"Wed Eve, Thu Eve",Sam Wilson,sam.wilson@mail.net,VA,"LMSW, LPCC, LMHC","Sat AM, Tue PM, Thu AM, Thu Eve, Sat Eve",2,1,0.28642663289717396,1,good_match
113,7,Drew Lee,drew.lee@example.com,SC,LMSW,"Wed Eve, Tue AM, Tue PM, Fri PM",Morgan Brown,morgan.brown@mail.net,SC,LMSW,"Fri Eve, Thu AM, Fri AM, Sat Eve, Thu PM",3,0,0.10815542035879862,1,good_match
113,12,Drew Lee,drew.lee@example.com,SC,LMSW,"Wed Eve, Tue AM, Tue PM, Fri PM",Riley Chen,riley.chen@sample.org,SC,"LMSW, LMHC","Wed AM, Mon Eve, Sat Eve",4,0,0.09024633416335762,1,good_match
113,21,Drew Lee,drew.lee@example.com,SC,LMSW,"Wed Eve, Tue AM, Tue PM, Fri PM",Avery Chen,avery.chen@mail.net,SC,"LMFT, LMSW, LPCC","Tue PM, Fri Eve, Sat Eve",4,1,0.4232668694842498,1,good_match
113,53,Drew Lee,drew.lee@example.com,SC,LMSW,"Wed Eve, Tue AM, Tue PM, Fri PM",Casey Hernandez,casey.hernandez@sample.org,SC,LMSW,"Thu AM, Wed Eve, Thu Eve",1,1,0.18997368965240297,1,good_match
113,56,Drew Lee,drew.lee@example.com,SC,LMSW,"Wed Eve, Tue AM, Tue PM, Fri PM",Jamie Davis,jamie.davis@example.com,SC,LMSW,"Fri Eve, Tue PM, Thu AM, Wed PM, Mon AM, Wed Eve",2,2,0.4298163298794678,1,good_match
115,15,Drew Davis,drew.davis@mail.net,FL,LMFT,"Wed AM, Sat PM, Mon Eve, Thu Eve, Fri PM",Avery Brown,avery.brown@sample.org,FL,LMFT,"Thu PM, Wed Eve, Sat AM",2,0,0.23042912698924484,1,good_match
115,32,Drew Davis,drew.davis@mail.net,FL,LMFT,"Wed AM, Sat PM, Mon Eve, Thu Eve, Fri PM",Sam Kim,sam.kim@sample.org,FL,LMFT,"Tue PM, Fri PM, Wed Eve, Wed AM, Mon Eve",4,3,0.36843802680558435,1,good_match
115,38,Drew Davis,drew.davis@mail.net,FL,LMFT,"Wed AM, Sat PM, Mon Eve, Thu Eve, Fri PM",Jamie Chen,jamie.chen@mail.net,FL,"LMFT, LMSW, LPC","Tue PM, Fri AM, Thu Eve, Mon AM",2,1,0.25445477879062445,1,good_match
115,39,Drew Davis,drew.davis@mail.net,FL,LMFT,"Wed AM, Sat PM, Mon Eve, Thu Eve, Fri PM",Alex Kim,alex.kim@mail.net,FL,"LMFT, LCSW","Fri AM, Sat PM, Thu AM",2,1,0.2766073140708534,1,good_match
115,48,Drew Davis,drew.davis@mail.net,FL,LMFT,"Wed AM, Sat PM, Mon Eve, Thu Eve, Fri PM",Morgan Moore,morgan.moore@mail.net,FL,"LPCC, LMFT, LCSW","Mon PM, Sat AM, Wed Eve, Thu PM, Sat Eve, Thu Eve",2,1,0.4401119538656555,1,good_match
116,22,Avery Moore,avery.moore@example.com,PA,LCSW,"Fri PM, Wed PM, Tue PM, Sat PM",Drew Hernandez,drew.hernandez@example.com,PA,"LMFT, LCSW, LPCC","Sat PM, Tue PM, Fri PM",2,3,0.7655250937772068,1,good_match
116,46,Avery Moore,avery.moore@example.com,PA,LCSW,"Fri PM, Wed PM, Tue PM, Sat PM",Alex Brown,alex.brown@example.com,PA,"LCSW, LPCC, LMSW","Wed Eve, Mon Eve, Sat Eve, Tue AM, Thu Eve, Fri AM",2,0,0.106101982281618,1,good_match
116,51,Avery Moore,avery.moore@example.com,PA,LCSW,"Fri PM, Wed PM, Tue PM, Sat PM",Casey Patel,casey.patel@mail.net,PA,"LCSW, LPC","Sat AM, Sat Eve, Fri AM, Mon AM",2,0,0.1027660473917914,1,good_match
117,47,Avery Davis,avery.davis@example.com,NY,LMHC,"Sat AM, Wed PM, Sat Eve",Taylor Clark,taylor.clark@mail.net,NY,"LMHC, LCSW","Thu AM, Mon PM, Wed AM, Sat PM, Sat Eve, Mon Eve",3,1,0.39882003560800305,1,good_match
117,50,Avery Davis,avery.davis@example.com,NY,LMHC,"Sat AM, Wed PM, Sat Eve",Avery Kim,avery.kim@mail.net,NY,"LMHC, LMFT","Mon Eve, Sat Eve, Tue PM, Thu Eve",3,1,0.2814310112749122,1,good_match
118,35,Jordan Davis,jordan.davis@mail.net,NC,LMFT,"Fri Eve, Sat AM, Thu AM, Fri PM",Morgan Wilson,morgan.wilson@example.com,NC,"LMSW, LMFT, LCSW","Wed Eve, Mon PM, Tue Eve, Tue AM",3,0,0.06105869426885305,1,good_match
119,14,Avery Hernandez,avery.hernandez@sample.org,CA,LMSW,"Tue Eve, Thu Eve",Sam Garcia,sam.garcia@mail.net,CA,LMSW,"Thu Eve, Sat Eve, Sat AM, Mon PM, Fri Eve",4,1,0.26843654286004187,1,good_match
119,44,Avery Hernandez,avery.hernandez@sample.org,CA,LMSW,"Tue Eve, Thu Eve",Alex Clark,alex.clark@mail.net,CA,"LMSW, LPCC, LMFT","Wed PM, Mon Eve, Mon AM",1,0,0.0793562467597282,1,good_match
120,0,Drew Moore,drew.moore@example.com,NC,LPCC,"Thu PM, Tue AM",Casey Patel,casey.patel@sample.org,NC,LPCC,"Thu Eve, Mon PM, Wed AM",1,0,0.1373903075010705,1,good_match
120,6,Drew Moore,drew.moore@example.com,NC,LPCC,"Thu PM, Tue AM",Jordan Brown,jordan.brown@sample.org,NC,"LCSW, LPCC, LPC","Thu Eve, Sat AM, Fri Eve, Mon PM, Fri PM",1,0,0.1179871951860602,1,good_match
121,8,Jamie Brown,jamie.brown@sample.org,VA,LCSW,"Fri PM, Tue PM, Thu PM",Alex Brown,alex.brown@sample.org,VA,"LCSW, LMHC, LMSW","Thu AM, Tue PM, Wed PM, Wed AM",4,1,0.2839516096222876,1,good_match
121,28,Jamie Brown,jamie.brown@sample.org,VA,LCSW,"Fri PM, Tue PM, Thu PM",Jamie Garcia,jamie.garcia@sample.org,VA,"LCSW, LMHC","Thu PM, Mon Eve, Wed PM, Wed AM, Mon PM, Tue AM",3,1,0.4085919852951481,1,good_match
123,6,Riley Nguyen,riley.nguyen@mail.net,NC,LPC,"Thu Eve, Sat AM, Fri AM, Tue Eve",Jordan Brown,jordan.brown@sample.org,NC,"LCSW, LPCC, LPC","Thu Eve, Sat AM, Fri Eve, Mon PM, Fri PM",1,2,0.5810823056407179,1,good_match
125,1,Morgan Patel,morgan.patel@mail.net,SC,LCSW,"Sat Eve, Fri AM, Mon PM, Wed AM, Tue PM",Sam Chen,sam.chen@sample.org,SC,LCSW,"Mon PM, Tue AM, Wed PM, Thu PM, Fri Eve, Thu AM",1,1,0.2669879376810519,1,good_match
125,20,Morgan Patel,morgan.patel@mail.net,SC,LCSW,"Sat Eve, Fri AM, Mon PM, Wed AM, Tue PM",Avery Moore,avery.moore@sample.org,SC,"LCSW, LMHC, LMFT","Tue Eve, Fri PM, Thu PM, Mon PM, Fri AM, Thu Eve",4,2,0.339495198095075,1,good_match
125,42,Morgan Patel,morgan.patel@mail.net,SC,LCSW,"Sat Eve, Fri AM, Mon PM, Wed AM, Tue PM",Taylor Davis,taylor.davis@example.com,SC,"LCSW, LMFT","Mon PM, Fri AM, Mon AM, Tue PM, Fri Eve, Thu PM",2,3,0.4586205769904153,1,good_match
126,36,Sam Lee,sam.lee@example.com,GA,LMHC,"Sat PM, Fri AM",Drew Nguyen,drew.nguyen@mail.net,GA,"LMHC, LPCC","Wed Eve, Thu Eve, Mon AM, Tue PM",1,0,0.03644754973549817,0,availability_mismatch
127,27,Cameron Patel,cameron.patel@mail.net,OH,LMSW,"Wed AM, Mon PM",Sam Brown,sam.brown@sample.org,OH,"LPCC, LMSW, LMFT","Fri Eve, Sat PM, Sat AM, Wed Eve, Tue AM",3,0,0.08115962821113235,1,good_match
128,8,Drew Moore,drew.moore@sample.org,VA,LCSW,"Mon PM, Fri PM, Tue AM",Alex Brown,alex.brown@sample.org,VA,"LCSW, LMHC, LMSW","Thu AM, Tue PM, Wed PM, Wed AM",4,0,0.135941312002479,1,good_match
128,28,Drew Moore,drew.moore@sample.org,VA,LCSW,"Mon PM, Fri PM, Tue AM",Jamie Garcia,jamie.garcia@sample.org,VA,"LCSW, LMHC","Thu PM, Mon Eve, Wed PM, Wed AM, Mon PM, Tue AM",3,2,0.44623505674604413,1,good_match
130,27,Casey Lee,casey.lee@sample.org,OH,LMSW,"Sat AM, Sat PM",Sam Brown,sam.brown@sample.org,OH,"LPCC, LMSW, LMFT","Fri Eve, Sat PM, Sat AM, Wed Eve, Tue AM",3,2,0.308449771004663,1,good_match
131,27,Alex Kim,alex.kim@sample.org,OH,LMSW,"Fri Eve, Mon Eve, Mon AM, Thu PM, Wed AM",Sam Brown,sam.brown@sample.org,OH,"LPCC, LMSW, LMFT","Fri Eve, Sat PM, Sat AM, Wed Eve, Tue AM",3,1,0.2005047252804652,1,good_match
132,8,Cameron Wilson,cameron.wilson@mail.net,VA,LMHC,"Sat Eve, Tue AM, Mon Eve, Thu PM, Wed PM",Alex Brown,alex.brown@sample.org,VA,"LCSW, LMHC, LMSW","Thu AM, Tue PM, Wed PM, Wed AM",4,1,0.4264214209572672,1,good_match
132,28,Cameron Wilson,cameron.wilson@mail.net,VA,LMHC,"Sat Eve, Tue AM, Mon Eve, Thu PM, Wed PM",Jamie Garcia,jamie.garcia@sample.org,VA,"LCSW, LMHC","Thu PM, Mon Eve, Wed PM, Wed AM, Mon PM, Tue AM",3,4,0.5354215751170857,1,good_match
132,30,Cameron Wilson,cameron.wilson@mail.net,VA,LMHC,"Sat Eve, Tue AM, Mon Eve, Thu PM, Wed PM",Jordan Moore,jordan.moore@example.com,VA,"LMHC, LPCC, LMSW","Fri PM, Wed AM, Thu Eve, Tue Eve, Mon PM",3,0,0.4176276351047872,1,good_match
132,43,Cameron Wilson,cameron.wilson@mail.net,VA,LMHC,"Sat Eve, Tue AM, Mon Eve, Thu PM, Wed PM",Sam Wilson,sam.wilson@mail.net,VA,"LMSW, LPCC, LMHC","Sat AM, Tue PM, Thu AM, Thu Eve, Sat Eve",2,1,0.29860101377430054,1,good_match
134,8,Sam Garcia,sam.garcia@example.com,VA,LMHC,"Wed Eve, Wed PM",Alex Brown,alex.brown@sample.org,VA,"LCSW, LMHC, LMSW","Thu AM, Tue PM, Wed PM, Wed AM",4,1,0.3592892233713766,1,good_match
134,28,Sam Garcia,sam.garcia@example.com,VA,LMHC,"Wed Eve, Wed PM",Jamie Garcia,jamie.garcia@sample.org,VA,"LCSW, LMHC","Thu PM, Mon Eve, Wed PM, Wed AM, Mon PM, Tue AM",3,1,0.49499402986346697,1,good_match
134,30,Sam Garcia,sam.garcia@example.com,VA,LMHC,"Wed Eve, Wed PM",Jordan Moore,jordan.moore@example.com,VA,"LMHC, LPCC, LMSW","Fri PM, Wed AM, Thu Eve, Tue Eve, Mon PM",3,0,0.20133762342982425,1,good_match
134,43,Sam Garcia,sam.garcia@example.com,VA,LMHC,"Wed Eve, Wed PM",Sam Wilson,sam.wilson@mail.net,VA,"LMSW, LPCC, LMHC","Sat AM, Tue PM, Thu AM, Thu Eve, Sat Eve",2,0,0.07284306254149327,1,good_match
135,8,Avery Clark,avery.clark@mail.net,VA,LCSW,"Tue PM, Mon Eve, Thu AM, Thu PM",Alex Brown,alex.brown@sample.org,VA,"LCSW, LMHC, LMSW","Thu AM, Tue PM, Wed PM, Wed AM",4,2,0.22937624409752938,1,good_match
135,28,Avery Clark,avery.clark@mail.net,VA,LCSW,"Tue PM, Mon Eve, Thu AM, Thu PM",Jamie Garcia,jamie.garcia@sample.org,VA,"LCSW, LMHC","Thu PM, Mon Eve, Wed PM, Wed AM, Mon PM, Tue AM",3,2,0.4558963680222835,1,good_match
136,31,Jamie Clark,jamie.clark@sample.org,NY,LMSW,"Mon PM, Sat Eve, Mon AM, Sat AM",Alex Hernandez,alex.hernandez@mail.net,NY,"LMSW, LCSW","Thu PM, Sat PM, Thu AM, Wed Eve, Mon PM, Fri PM",2,1,0.4356805724019006,1,good_match
137,13,Alex Moore,alex.moore@mail.net,OH,LCSW,"Thu AM, Sat Eve, Tue Eve, Fri PM, Fri Eve",Jordan Kim,jordan.kim@sample.org,OH,LCSW,"Tue PM, Tue AM, Thu Eve",1,0,0.18171865434513407,1,good_match
138,18,Avery Wilson,avery.wilson@example.com,TX,LPC,"Sat AM, Tue Eve, Tue PM, Fri AM, Mon PM",Taylor Davis,taylor.davis@sample.org,TX,"LCSW, LMSW, LPC","Wed Eve, Wed AM, Thu Eve, Wed PM, Fri AM, Sat AM",3,2,0.1638327132061203,1,good_match
138,29,Avery Wilson,avery.wilson@example.com,TX,LPC,"Sat AM, Tue Eve, Tue PM, Fri AM, Mon PM",Sam Patel,sam.patel@mail.net,TX,LPC,"Fri Eve, Wed PM, Tue AM, Wed AM",4,0,0.14926059629919197,1,good_match
138,57,Avery Wilson,avery.wilson@example.com,TX,LPC,"Sat AM, Tue Eve, Tue PM, Fri AM, Mon PM",Jordan Brown,jordan.brown@sample.org,TX,"LPC, LMSW","Fri AM, Wed PM, Thu AM, Sat PM, Wed Eve",4,1,0.12892803576826278,1,good_match
