Timestamp,Email Address,Name,State,License Type,Availability
,morgan.wilson@example.com,Morgan Wilson,NC,LMSW,"Fri AM, Fri PM, Wed AM, Sat AM, Tue PM"
,casey.lee@sample.org,Casey Lee,FL,LPCC,"Tue PM, Sat PM, Wed AM, Mon PM"
,morgan.garcia@sample.org,Morgan Garcia,CA,LMSW,"Fri PM, Thu AM, Mon AM, Mon Eve, Sat AM"
,riley.clark@sample.org,Riley Clark,OH,LMHC,"Mon Eve, Fri AM"
,jamie.brown@sample.org,Jamie Brown,GA,LCSW,"Tue PM, Sat Eve, Tue AM"
,quinn.clark@mail.net,Quinn Clark,NY,LCSW,"Mon AM, Tue PM"
,taylor.wilson@example.com,Taylor Wilson,FL,LMFT,"Sat PM, Fri PM, Tue AM, Mon PM"
,sam.nguyen@mail.net,Sam Nguyen,OH,LMFT,"Wed Eve, Wed PM, Mon AM, Sat AM, Sat Eve"
,morgan.brown@sample.org,Morgan Brown,TX,LMSW,"Sat AM, Sat PM, Wed PM"
,jamie.garcia@example.com,Jamie Garcia,CA,LMSW,"Mon PM, Mon AM, Wed AM, Wed PM"
,drew.moore@sample.org,Drew Moore,SC,LPC,"Fri PM, Thu Eve, Wed PM"
,avery.lee@mail.net,Avery Lee,TX,LMSW,"Thu Eve, Fri AM, Wed AM, Mon AM, Sat PM"
,morgan.clark@mail.net,Morgan Clark,SC,LMFT,"Wed AM, Thu AM, Sat Eve, Tue AM, Wed PM"
,taylor.nguyen@sample.org,Taylor Nguyen,SC,LPCC,"Tue Eve, Wed PM, Sat AM, Wed AM, Thu PM"
,alex.wilson@example.com,Alex Wilson,CA,LCSW,"Mon AM, Tue PM, Fri PM"
,alex.clark@example.com,Alex Clark,VA,LMHC,"Thu PM, Tue AM, Mon Eve, Fri Eve, Sat AM"
,casey.garcia@example.com,Casey Garcia,PA,LMSW,"Mon PM, Thu AM, Fri AM, Fri PM, Tue Eve"
,casey.brown@example.com,Casey Brown,SC,LCSW,"Wed Eve, Mon Eve"
,casey.chen@example.com,Casey Chen,PA,LMFT,"Thu Eve, Thu AM, Fri PM, Mon PM, Mon AM"
,quinn.brown@example.com,Quinn Brown,TX,LPCC,"Wed AM, Thu PM, Thu Eve, Sat AM, Wed PM"
,alex.moore@sample.org,Alex Moore,GA,LMSW,"Mon PM, Fri AM, Sat Eve, Wed PM, Sat AM"
,alex.nguyen@example.com,Alex Nguyen,SC,LPCC,"Thu Eve, Wed Eve, Thu PM, Thu AM"
,alex.nguyen@mail.net,Alex Nguyen,TX,LPC,"Mon AM, Mon Eve, Sat Eve, Fri PM"
,taylor.kim@sample.org,Taylor Kim,NY,LMHC,"Fri PM, Sat AM, Tue PM, Fri Eve"
,avery.patel@example.com,Avery Patel,FL,LMSW,"Wed PM, Thu PM, Sat PM"
,avery.hernandez@mail.net,Avery Hernandez,SC,LPCC,"Fri AM, Tue Eve, Wed PM"
,riley.kim@mail.net,Riley Kim,NC,LMHC,"Tue Eve, Fri PM, Tue AM, Mon PM"
,morgan.wilson@example.com,Morgan Wilson,GA,LCSW,"Sat AM, Fri Eve, Tue Eve, Tue AM, Mon Eve"
,riley.brown@mail.net,Riley Brown,GA,LMSW,"Thu AM, Sat Eve"
,morgan.wilson@sample.org,Morgan Wilson,TX,LPC,"Wed AM, Fri Eve, Wed PM, Mon Eve"
,taylor.garcia@example.com,Taylor Garcia,FL,LPCC,"Thu PM, Mon Eve, Fri AM"
,morgan.garcia@mail.net,Morgan Garcia,PA,LMFT,"Fri Eve, Mon PM"
,sam.lee@sample.org,Sam Lee,GA,LMHC,"Mon PM, Thu AM, Wed PM, Sat Eve"
,alex.garcia@mail.net,Alex Garcia,OH,LMFT,"Thu Eve, Sat PM"
,jordan.brown@mail.net,Jordan Brown,FL,LMSW,"Tue AM, Thu Eve"
,taylor.lee@sample.org,Taylor Lee,TX,LMFT,"Wed AM, Wed Eve"
,alex.wilson@mail.net,Alex Wilson,GA,LCSW,"Fri PM, Thu Eve, Tue Eve, Thu AM"
,morgan.kim@example.com,Morgan Kim,NC,LMHC,"Mon Eve, Fri PM, Tue AM, Fri AM, Wed AM"
,drew.davis@example.com,Drew Davis,PA,LCSW,"Fri AM, Wed Eve, Fri PM"
,morgan.moore@sample.org,Morgan Moore,CA,LCSW,"Thu Eve, Fri PM, Sat PM, Mon AM"
,casey.moore@example.com,Casey Moore,CA,LMSW,"Wed AM, Mon AM, Fri PM, Fri Eve, Mon Eve"
,riley.kim@example.com,Riley Kim,CA,LPCC,"Fri Eve, Tue Eve, Tue PM, Mon AM"
,alex.davis@example.com,Alex Davis,CA,LCSW,"Sat PM, Tue Eve, Tue PM, Sat Eve"
,morgan.patel@mail.net,Morgan Patel,VA,LCSW,"Fri AM, Sat AM"
,taylor.nguyen@example.com,Taylor Nguyen,NC,LMHC,"Mon PM, Fri AM, Mon Eve, Fri Eve"
,quinn.wilson@mail.net,Quinn Wilson,VA,LMSW,"Fri AM, Wed AM, Sat AM"
,jordan.wilson@example.com,Jordan Wilson,NC,LMHC,"Fri AM, Thu Eve, Tue AM"
,jordan.garcia@mail.net,Jordan Garcia,GA,LCSW,"Thu PM, Tue AM"
,riley.wilson@sample.org,Riley Wilson,PA,LMSW,"Fri PM, Thu AM, Wed PM, Wed AM"
,riley.moore@sample.org,Riley Moore,NY,LPCC,"Tue Eve, Mon AM, Sat PM, Thu AM, Wed PM"
,avery.garcia@sample.org,Avery Garcia,OH,LMHC,"Sat AM, Fri AM, Tue AM"
,sam.patel@sample.org,Sam Patel,CA,LPC,"Fri Eve, Sat PM"
,jamie.moore@example.com,Jamie Moore,NC,LMSW,"Mon Eve, Thu PM, Sat Eve"
,alex.davis@sample.org,Alex Davis,VA,LCSW,"Tue AM, Wed AM"
,jordan.brown@sample.org,Jordan Brown,VA,LMSW,"Mon Eve, Thu Eve, Wed Eve"
,jordan.hernandez@mail.net,Jordan Hernandez,FL,LMHC,"Wed Eve, Sat PM, Sat AM"
,taylor.wilson@sample.org,Taylor Wilson,OH,LPCC,"Thu PM, Thu Eve, Mon PM"
,taylor.patel@sample.org,Taylor Patel,VA,LMSW,"Thu PM, Fri AM, Tue Eve, Sat PM"
,morgan.kim@mail.net,Morgan Kim,NC,LMSW,"Fri Eve, Sat PM, Tue AM, Tue PM"
,jamie.moore@sample.org,Jamie Moore,TX,LPC,"Thu Eve, Tue PM, Sat Eve, Tue Eve, Fri AM"
,sam.brown@example.com,Sam Brown,VA,LPCC,"Thu AM, Sat PM"
,morgan.nguyen@mail.net,Morgan Nguyen,OH,LMSW,"Mon AM, Mon PM, Wed PM, Mon Eve"
,morgan.wilson@mail.net,Morgan Wilson,CA,LMHC,"Mon PM, Tue PM, Sat AM, Tue AM"
,cameron.moore@example.com,Cameron Moore,NC,LCSW,"Thu Eve, Thu AM"
,sam.davis@sample.org,Sam Davis,PA,LMFT,"Thu AM, Tue PM, Wed AM, Tue Eve, Sat Eve"
,avery.patel@example.com,Avery Patel,NC,LMFT,"Fri Eve, Tue AM, Mon Eve"
,drew.patel@mail.net,Drew Patel,FL,LMHC,"Mon AM, Mon PM, Thu Eve, Thu AM"
,drew.wilson@sample.org,Drew Wilson,OH,LPCC,"Wed PM, Tue Eve, Mon AM, Sat AM, Fri Eve"
,jamie.lee@sample.org,Jamie Lee,VA,LMFT,"Mon PM, Tue AM, Mon AM"
,cameron.davis@mail.net,Cameron Davis,GA,LMFT,"Wed AM, Sat PM, Fri PM, Sat AM, Thu AM"
,jordan.davis@sample.org,Jordan Davis,SC,LPC,"Sat AM, Mon AM"
,riley.chen@mail.net,Riley Chen,NY,LCSW,"Tue Eve, Wed PM, Tue AM, Tue PM, Sat AM"
,drew.lee@example.com,Drew Lee,TX,LMSW,"Mon PM, Wed Eve, Fri PM, Thu PM"
,jamie.nguyen@sample.org,Jamie Nguyen,GA,LCSW,"Tue Eve, Wed Eve"
,taylor.clark@example.com,Taylor Clark,VA,LMSW,"Wed AM, Fri AM, Thu PM, Thu AM"
,taylor.chen@mail.net,Taylor Chen,PA,LMHC,"Sat PM, Mon AM, Sat Eve, Wed AM, Thu Eve"
,taylor.wilson@sample.org,Taylor Wilson,GA,LMHC,"Tue Eve, Tue PM"
,alex.lee@example.com,Alex Lee,SC,LPCC,"Thu Eve, Tue PM, Mon AM"
,alex.lee@example.com,Alex Lee,NC,LMSW,"Mon PM, Mon Eve"
,cameron.hernandez@example.com,Cameron Hernandez,PA,LMSW,"Fri AM, Tue AM"
,taylor.garcia@example.com,Taylor Garcia,SC,LCSW,"Mon Eve, Thu AM"
,avery.kim@example.com,Avery Kim,SC,LMSW,"Thu AM, Thu PM, Sat PM"
,riley.nguyen@example.com,Riley Nguyen,TX,LPC,"Mon PM, Thu Eve, Thu PM, Fri AM"
,cameron.davis@sample.org,Cameron Davis,FL,LPCC,"Fri PM, Mon AM"
,riley.davis@example.com,Riley Davis,TX,LMHC,"Sat Eve, Wed AM"
,quinn.kim@mail.net,Quinn Kim,FL,LMFT,"Mon AM, Sat PM, Wed AM, Tue PM, Fri AM"
,alex.lee@sample.org,Alex Lee,NY,LCSW,"Tue Eve, Sat AM, Thu Eve, Fri PM, Wed Eve"
,morgan.wilson@example.com,Morgan Wilson,FL,LMFT,"Sat AM, Tue Eve, Tue AM"
,drew.kim@sample.org,Drew Kim,PA,LCSW,"Thu Eve, Tue AM, Fri AM, Fri Eve"
,riley.clark@example.com,Riley Clark,CA,LMSW,"Thu Eve, Wed AM"
,morgan.nguyen@sample.org,Morgan Nguyen,PA,LPCC,"Fri AM, Wed PM, Fri Eve"
,jordan.davis@mail.net,Jordan Davis,OH,LMSW,"Thu Eve, Thu PM"
,jamie.patel@sample.org,Jamie Patel,PA,LMSW,"Tue Eve, Fri Eve, Sat PM, Thu Eve"
,morgan.wilson@example.com,Morgan Wilson,VA,LPC,"Wed PM, Sat PM, Wed AM, Tue PM, Fri Eve"
,quinn.wilson@example.com,Quinn Wilson,VA,LMFT,"Sat PM, Thu Eve, Tue Eve, Tue AM"
,casey.garcia@sample.org,Casey Garcia,SC,LMFT,"Wed AM, Fri AM"
,jordan.patel@sample.org,Jordan Patel,FL,LMHC,"Wed AM, Tue AM, Sat PM, Tue PM"
,taylor.chen@sample.org,Taylor Chen,NC,LCSW,"Fri PM, Wed PM, Thu AM, Sat PM, Mon AM"
,jordan.nguyen@mail.net,Jordan Nguyen,CA,LCSW,"Fri PM, Sat Eve, Wed PM"
,drew.clark@mail.net,Drew Clark,OH,LMFT,"Tue AM, Fri Eve, Fri PM"
,casey.nguyen@mail.net,Casey Nguyen,SC,LMHC,"Fri AM, Tue Eve, Wed Eve"
,riley.brown@sample.org,Riley Brown,NC,LPCC,"Sat PM, Tue Eve, Thu PM, Fri AM, Mon AM"
,riley.brown@example.com,Riley Brown,NC,LPC,"Tue Eve, Wed AM, Thu Eve"
,sam.wilson@sample.org,Sam Wilson,PA,LMFT,"Sat PM, Mon AM, Thu Eve, Wed Eve, Tue Eve"
,riley.clark@sample.org,Riley Clark,GA,LMSW,"Fri AM, Sat PM, Tue AM"
,quinn.wilson@sample.org,Quinn Wilson,NC,LPC,"Fri AM, Sat Eve, Mon PM, Mon AM"
,sam.chen@sample.org,Sam Chen,TX,LPCC,"Tue AM, Wed PM, Thu AM, Thu Eve"
,riley.davis@example.com,Riley Davis,CA,LMHC,"Tue Eve, Tue PM, Mon Eve"
,drew.garcia@sample.org,Drew Garcia,PA,LMSW,"Tue PM, Thu Eve, Fri PM"
,avery.nguyen@mail.net,Avery Nguyen,VA,LMHC,"Wed PM, Wed Eve, Fri AM, Thu PM"
,morgan.chen@mail.net,Morgan Chen,VA,LMHC,"Wed Eve, Thu Eve"
,taylor.moore@sample.org,Taylor Moore,TX,LMHC,"Fri PM, Mon Eve, Thu Eve, Sat PM, Tue PM"
,riley.lee@example.com,Riley Lee,OH,LPC,"Sat PM, Thu Eve, Mon AM"
,drew.lee@example.com,Drew Lee,SC,LMSW,"Wed Eve, Tue AM, Tue PM, Fri PM"
,taylor.patel@sample.org,Taylor Patel,TX,LMFT,"Fri AM, Tue Eve, Mon Eve"
,drew.davis@mail.net,Drew Davis,FL,LMFT,"Wed AM, Sat PM, Mon Eve, Thu Eve, Fri PM"
,avery.moore@example.com,Avery Moore,PA,LCSW,"Fri PM, Wed PM, Tue PM, Sat PM"
,avery.davis@example.com,Avery Davis,NY,LMHC,"Sat AM, Wed PM, Sat Eve"
,jordan.davis@mail.net,Jordan Davis,NC,LMFT,"Fri Eve, Sat AM, Thu AM, Fri PM"
,avery.hernandez@sample.org,Avery Hernandez,CA,LMSW,"Tue Eve, Thu Eve"
,drew.moore@example.com,Drew Moore,NC,LPCC,"Thu PM, Tue AM"
,jamie.brown@sample.org,Jamie Brown,VA,LCSW,"Fri PM, Tue PM, Thu PM"
,sam.moore@sample.org,Sam Moore,TX,LMHC,"Thu AM, Fri PM, Thu PM"
,riley.nguyen@mail.net,Riley Nguyen,NC,LPC,"Thu Eve, Sat AM, Fri AM, Tue Eve"
,jamie.nguyen@mail.net,Jamie Nguyen,TX,LMFT,"Tue AM, Thu PM, Wed AM, Tue Eve, Thu Eve"
,morgan.patel@mail.net,Morgan Patel,SC,LCSW,"Sat Eve, Fri AM, Mon PM, Wed AM, Tue PM"
,sam.lee@example.com,Sam Lee,GA,LMHC,"Sat PM, Fri AM"
,cameron.patel@mail.net,Cameron Patel,OH,LMSW,"Wed AM, Mon PM"
,drew.moore@sample.org,Drew Moore,VA,LCSW,"Mon PM, Fri PM, Tue AM"
,drew.lee@sample.org,Drew Lee,VA,LPC,"Thu AM, Tue Eve, Fri PM, Mon AM"
,casey.lee@sample.org,Casey Lee,OH,LMSW,"Sat AM, Sat PM"
,alex.kim@sample.org,Alex Kim,OH,LMSW,"Fri Eve, Mon Eve, Mon AM, Thu PM, Wed AM"
,cameron.wilson@mail.net,Cameron Wilson,VA,LMHC,"Sat Eve, Tue AM, Mon Eve, Thu PM, Wed PM"
,taylor.patel@mail.net,Taylor Patel,NC,LMHC,"Mon AM, Tue AM"
,sam.garcia@example.com,Sam Garcia,VA,LMHC,"Wed Eve, Wed PM"
,avery.clark@mail.net,Avery Clark,VA,LCSW,"Tue PM, Mon Eve, Thu AM, Thu PM"
,jamie.clark@sample.org,Jamie Clark,NY,LMSW,"Mon PM, Sat Eve, Mon AM, Sat AM"
,alex.moore@mail.net,Alex Moore,OH,LCSW,"Thu AM, Sat Eve, Tue Eve, Fri PM, Fri Eve"
,avery.wilson@example.com,Avery Wilson,TX,LPC,"Sat AM, Tue Eve, Tue PM, Fri AM, Mon PM"
,casey.moore@example.com,Casey Moore,CA,LMHC,"Fri Eve, Wed Eve, Thu PM, Tue PM, Sat Eve"
